dataset,NumberOfInstancesWithMissingValues,Dimensionality,NumberOfClasses,MajorityClassSize,MinorityClassSize,NumberOfSymbolicFeatures,NumberOfMissingValues,AutoCorrelation,NumberOfFeatures,NumberOfInstances,PercentageOfMissingValues,MinorityClassPercentage,MinNominalAttDistinctValues,PercentageOfNumericFeatures,PercentageOfBinaryFeatures,NumberOfBinaryFeatures,MaxNominalAttDistinctValues,MajorityClassPercentage,PercentageOfInstancesWithMissingValues,StdvNominalAttDistinctValues,PercentageOfSymbolicFeatures,MeanNominalAttDistinctValues,NumberOfNumericFeatures
85--40835--poi-1.5.arff,0.0,0.08860759493670886,2.0,141.0,96.0,1.0,0.0,0.5,21.0,237.0,0.0,40.50632911392405,2.0,95.23809523809523,4.761904761904762,1.0,2.0,59.49367088607595,0.0,0.0,4.761904761904762,2.0,20.0
229--31--credit-g.arff,0.0,0.021,2.0,700.0,300.0,14.0,0.0,0.5695695695695696,21.0,1000.0,0.0,30.0,2.0,33.33333333333333,14.285714285714285,3.0,10.0,70.0,0.0,2.0380986614602725,66.66666666666666,4.0,7.0
58--40851--velocity-1.4.arff,0.0,0.10714285714285714,2.0,147.0,49.0,1.0,0.0,0.5948717948717949,21.0,196.0,0.0,25.0,2.0,95.23809523809523,4.761904761904762,1.0,2.0,75.0,0.0,0.0,4.761904761904762,2.0,20.0
431--41003--jungle_chess_2pcs_endgame_rat_elephant.arff,1176.0,0.007993197278911564,3.0,2917.0,772.0,27.0,3528.0,0.4931110733117877,47.0,5880.0,1.276595744680851,13.129251700680273,1.0,42.5531914893617,48.93617021276596,23.0,3.0,49.60884353741496,20.0,0.4369018092010962,57.446808510638306,2.037037037037037,20.0
369--40475--thyroid-allhyper.arff,0.0,0.009642857142857142,5.0,1632.0,31.0,21.0,0.0,0.4294390853876384,27.0,2800.0,0.0,1.107142857142857,2.0,22.22222222222222,74.07407407407408,20.0,5.0,58.285714285714285,0.0,0.6546536707079771,77.77777777777779,2.142857142857143,6.0
73--952--prnn_fglass.arff,0.0,0.04672897196261682,6.0,76.0,9.0,1.0,0.0,0.9765258215962441,10.0,214.0,0.0,4.205607476635514,6.0,90.0,0.0,0.0,6.0,35.51401869158878,0.0,0.0,10.0,6.0,9.0
520--41759--FOREX_eurtry-hour-High.arff,0.0,2.738163148887621E-4,2.0,22856.0,20969.0,1.0,0.0,0.5321513326031398,12.0,43825.0,0.0,47.847119224187104,2.0,91.66666666666666,8.333333333333332,1.0,2.0,52.152880775812896,0.0,0.0,8.333333333333332,2.0,11.0
329--41716--FOREX_eurcad-day-Close.arff,0.0,0.006543075245365322,2.0,950.0,884.0,1.0,0.0,0.4849972722313148,12.0,1834.0,0.0,48.20065430752454,2.0,91.66666666666666,8.333333333333332,1.0,2.0,51.79934569247546,0.0,0.0,8.333333333333332,2.0,11.0
138--460--analcatdata_reviewer.arff,367.0,0.021108179419525065,4.0,122.0,50.0,8.0,1418.0,0.26455026455026454,8.0,379.0,46.76781002638523,13.192612137203167,3.0,0.0,0.0,0.0,3.0,32.189973614775724,96.83377308707124,0.0,100.0,3.0,0.0
357--1067--kc1.arff,0.0,0.010431484115694643,2.0,1783.0,326.0,1.0,0.0,0.9990512333965844,22.0,2109.0,0.0,15.457562825983878,2.0,95.45454545454545,4.545454545454546,1.0,2.0,84.54243717401611,0.0,0.0,4.545454545454546,2.0,21.0
540--41871--FOREX_usddkk-hour-Close.arff,0.0,2.738163148887621E-4,2.0,22050.0,21775.0,1.0,0.0,0.47663380795910915,12.0,43825.0,0.0,49.68625213918996,2.0,91.66666666666666,8.333333333333332,1.0,2.0,50.31374786081004,0.0,0.0,8.333333333333332,2.0,11.0
518--41709--FOREX_audchf-hour-High.arff,0.0,2.738163148887621E-4,2.0,22481.0,21344.0,1.0,0.0,0.5421914932457101,12.0,43825.0,0.0,48.70279520821449,2.0,91.66666666666666,8.333333333333332,1.0,2.0,51.29720479178551,0.0,0.0,8.333333333333332,2.0,11.0
289--41746--FOREX_cadchf-day-High.arff,0.0,0.006553795740032769,2.0,945.0,886.0,1.0,0.0,0.5513661202185792,12.0,1831.0,0.0,48.388858547241945,2.0,91.66666666666666,8.333333333333332,1.0,2.0,51.611141452758055,0.0,0.0,8.333333333333332,2.0,11.0
239--40779--Secom-train.arff,1097.0,0.5387420237010028,2.0,1030.0,67.0,1.0,29653.0,0.8941605839416058,591.0,1097.0,4.573772185949374,6.107566089334549,2.0,99.83079526226734,0.1692047377326565,1.0,2.0,93.89243391066545,100.0,0.0,0.1692047377326565,2.0,590.0
541--41881--FOREX_chfjpy-hour-High.arff,0.0,2.738163148887621E-4,2.0,22854.0,20971.0,1.0,0.0,0.536144578313253,12.0,43825.0,0.0,47.851682829435255,2.0,91.66666666666666,8.333333333333332,1.0,2.0,52.14831717056475,0.0,0.0,8.333333333333332,2.0,11.0
287--41830--FOREX_nzdusd-day-High.arff,0.0,0.006564551422319475,2.0,939.0,889.0,1.0,0.0,0.5462506841817186,12.0,1828.0,0.0,48.63238512035011,2.0,91.66666666666666,8.333333333333332,1.0,2.0,51.36761487964989,0.0,0.0,8.333333333333332,2.0,11.0
15--1455--acute-inflammations.arff,0.0,0.058333333333333334,2.0,70.0,50.0,6.0,0.0,0.8403361344537815,7.0,120.0,0.0,41.66666666666667,2.0,14.285714285714285,85.71428571428571,6.0,2.0,58.333333333333336,0.0,0.0,85.71428571428571,2.0,1.0
197--40771--GermanCredit-train.arff,0.0,0.03,2.0,498.0,202.0,14.0,0.0,0.5665236051502146,21.0,700.0,0.0,28.857142857142858,2.0,33.33333333333333,14.285714285714285,3.0,10.0,71.14285714285714,0.0,2.0380986614602725,66.66666666666666,4.0,7.0
182--1480--ilpd.arff,0.0,0.018867924528301886,2.0,416.0,167.0,2.0,0.0,0.6134020618556701,11.0,583.0,0.0,28.644939965694682,2.0,81.81818181818183,18.181818181818183,2.0,2.0,71.35506003430532,0.0,0.0,18.181818181818183,2.0,9.0
366--1548--autoUniv-au4-2500.arff,0.0,0.0404,3.0,1173.0,196.0,43.0,0.0,0.4381752701080432,101.0,2500.0,0.0,7.84,2.0,57.42574257425742,8.91089108910891,9.0,6.0,46.92,0.0,1.4224119705463285,42.57425742574257,3.9767441860465116,58.0
483--1040--sylva_prior.arff,0.0,0.007572073636679402,2.0,13509.0,886.0,1.0,0.0,0.8849520633597332,109.0,14395.0,0.0,6.154914901007294,2.0,99.08256880733946,0.9174311926605505,1.0,2.0,93.84508509899271,0.0,0.0,0.9174311926605505,2.0,108.0
41--329--hayes-roth.arff,0.0,0.03125,3.0,65.0,31.0,1.0,0.0,0.4088050314465409,5.0,160.0,0.0,19.375,3.0,80.0,0.0,0.0,3.0,40.625,0.0,0.0,20.0,3.0,4.0
486--1046--mozilla4.arff,0.0,3.8597619813444836E-4,2.0,10437.0,5108.0,1.0,0.0,0.7130725681935152,6.0,15545.0,0.0,32.859440334512705,2.0,83.33333333333334,16.666666666666664,1.0,2.0,67.1405596654873,0.0,0.0,16.666666666666664,2.0,5.0
365--316--yeast_ml8.arff,0.0,0.04840711625982623,2.0,2383.0,34.0,14.0,0.0,0.9718543046357616,117.0,2417.0,0.0,1.406702523789822,2.0,88.03418803418803,11.965811965811966,14.0,2.0,98.59329747621017,0.0,0.0,11.965811965811966,2.0,103.0
225--40693--xd6.arff,0.0,0.010277492291880781,2.0,651.0,322.0,10.0,0.0,0.5853909465020576,10.0,973.0,0.0,33.093525179856115,2.0,0.0,100.0,10.0,2.0,66.90647482014388,0.0,0.0,100.0,2.0,0.0
216--40856--xalan-2.6.arff,0.0,0.023728813559322035,2.0,474.0,411.0,1.0,0.0,0.497737556561086,21.0,885.0,0.0,46.440677966101696,2.0,95.23809523809523,4.761904761904762,1.0,2.0,53.559322033898304,0.0,0.0,4.761904761904762,2.0,20.0
355--14--mfeat-fourier.arff,0.0,0.0385,10.0,200.0,200.0,1.0,0.0,0.9954977488744372,77.0,2000.0,0.0,10.0,10.0,98.7012987012987,0.0,0.0,10.0,10.0,0.0,0.0,1.2987012987012987,10.0,76.0
177--33--cylinder-bands.arff,263.0,0.07222222222222222,2.0,312.0,228.0,21.0,999.0,0.8107606679035251,39.0,540.0,4.743589743589744,42.22222222222222,1.0,46.15384615384615,10.256410256410255,4.0,429.0,57.77777777777777,48.7037037037037,93.26493241860855,53.84615384615385,27.38095238095237,18.0
154--1511--wholesale-customers.arff,0.0,0.020454545454545454,3.0,316.0,47.0,2.0,0.0,0.9908883826879271,9.0,440.0,0.0,10.681818181818182,2.0,77.77777777777779,11.11111111111111,1.0,3.0,71.81818181818181,0.0,0.7071067811865476,22.22222222222222,2.5,7.0
528--41835--FOREX_euraud-hour-High.arff,0.0,2.738163148887621E-4,2.0,22869.0,20956.0,1.0,0.0,0.5441310697334794,12.0,43825.0,0.0,47.817455790074156,2.0,91.66666666666666,8.333333333333332,1.0,2.0,52.182544209925844,0.0,0.0,8.333333333333332,2.0,11.0
450--1541--volcanoes-d4.arff,0.0,4.6221400508435407E-4,5.0,8163.0,56.0,1.0,0.0,0.9661389113602219,4.0,8654.0,0.0,0.6470996071180957,5.0,75.0,0.0,0.0,5.0,94.32632308758956,0.0,0.0,25.0,5.0,3.0
321--41875--FOREX_audchf-day-High.arff,0.0,0.006546644844517185,2.0,929.0,904.0,1.0,0.0,0.550764192139738,12.0,1833.0,0.0,49.318057828696126,2.0,91.66666666666666,8.333333333333332,1.0,2.0,50.681942171303874,0.0,0.0,8.333333333333332,2.0,11.0
168--1470--dresses-sales.arff,0.0,0.026,2.0,290.0,210.0,12.0,0.0,0.4729458917835671,13.0,500.0,0.0,42.0,2.0,7.6923076923076925,7.6923076923076925,1.0,25.0,57.99999999999999,0.0,7.767453465154029,92.3076923076923,13.833333333333334,1.0
537--41828--FOREX_usdcad-hour-High.arff,0.0,2.738163148887621E-4,2.0,22732.0,21093.0,1.0,0.0,0.5468236582694413,12.0,43825.0,0.0,48.13006274957216,2.0,91.66666666666666,8.333333333333332,1.0,2.0,51.86993725042783,0.0,0.0,8.333333333333332,2.0,11.0
101--452--analcatdata_broadwaymult.arff,18.0,0.028070175438596492,7.0,118.0,21.0,5.0,27.0,0.19718309859154928,8.0,285.0,1.1842105263157896,7.368421052631578,2.0,37.5,12.5,1.0,95.0,41.40350877192983,6.315789473684211,40.85339643163099,62.5,22.0,3.0
556--41718--FOREX_audjpy-hour-High.arff,0.0,2.738163148887621E-4,2.0,22571.0,21254.0,1.0,0.0,0.5393848119751734,12.0,43825.0,0.0,48.49743297204792,2.0,91.66666666666666,8.333333333333332,1.0,2.0,51.50256702795208,0.0,0.0,8.333333333333332,2.0,11.0
472--1053--jm1.arff,5.0,0.002021129995406523,2.0,8779.0,2106.0,1.0,25.0,0.9998162440279309,22.0,10885.0,0.010439721050653527,19.347726228755167,2.0,95.45454545454545,4.545454545454546,1.0,2.0,80.65227377124484,0.045934772622875514,0.0,4.545454545454546,2.0,21.0
382--40754--ML2017-challenge-1.arff,0.0,0.011576971214017523,2.0,1669.0,1527.0,37.0,0.0,0.9990610328638497,37.0,3196.0,0.0,47.778473091364205,2.0,0.0,94.5945945945946,35.0,3.0,52.221526908635795,0.0,0.1643989873053572,100.0,2.027027027027027,0.0
241--1068--pc1.arff,0.0,0.019837691614066726,2.0,1032.0,77.0,1.0,0.0,0.9981949458483754,22.0,1109.0,0.0,6.943192064923355,2.0,95.45454545454545,4.545454545454546,1.0,2.0,93.05680793507665,0.0,0.0,4.545454545454546,2.0,21.0
150--41024--food-truck-test.arff,0.0,0.08108108108108109,2.0,253.0,154.0,16.0,0.0,0.5591133004926109,33.0,407.0,0.0,37.83783783783784,2.0,51.515151515151516,39.39393939393939,13.0,5.0,62.16216216216216,0.0,1.0307764064044151,48.484848484848484,2.4375,17.0
585--41989--GTSRB-HOG03.arff,0.0,0.0562703755859488,43.0,3000.0,270.0,1.0,0.0,0.7652880126548092,2917.0,51839.0,0.0,0.5208433804664442,43.0,99.96571820363387,0.0,0.0,43.0,5.78714867184938,0.0,0.0,0.03428179636612959,43.0,2916.0
496--6--letter.arff,0.0,8.5E-4,26.0,813.0,734.0,1.0,0.0,0.04090204510225511,17.0,20000.0,0.0,3.6700000000000004,26.0,94.11764705882352,0.0,0.0,26.0,4.0649999999999995,0.0,0.0,5.88235294117647,26.0,16.0
136--25--colic.arff,361.0,0.07336956521739131,2.0,244.0,124.0,20.0,1927.0,0.5095367847411444,27.0,368.0,19.394122383252817,33.69565217391305,2.0,25.925925925925924,18.51851851851852,5.0,63.0,66.30434782608695,98.09782608695652,13.362949564098175,74.07407407407408,6.6,7.0
578--1505--tamilnadu-electricity.arff,0.0,8.737249077128066E-5,20.0,2906.0,1397.0,2.0,0.0,0.9995849716033203,4.0,45781.0,0.0,3.051484240186977,20.0,50.0,0.0,0.0,31.0,6.34761145453354,0.0,7.7781745930520225,50.0,25.5,2.0
497--41671--microaggregation2.arff,0.0,0.00105,5.0,11162.0,743.0,1.0,0.0,0.4504725236261813,21.0,20000.0,0.0,3.7150000000000003,5.0,95.23809523809523,0.0,0.0,5.0,55.81,0.0,0.0,4.761904761904762,5.0,20.0
395--314--thyroid_sick.arff,3772.0,0.007953340402969246,2.0,3541.0,231.0,23.0,6064.0,0.8865022540440202,30.0,3772.0,5.358784022622834,6.1240721102863205,1.0,23.333333333333332,70.0,21.0,5.0,93.87592788971368,100.0,0.668311541278118,76.66666666666667,2.0869565217391304,7.0
261--23--cmc.arff,0.0,0.006788866259334691,3.0,629.0,333.0,8.0,0.0,0.9966032608695652,10.0,1473.0,0.0,22.606924643584524,2.0,20.0,30.0,3.0,4.0,42.701968771215206,0.0,0.9910312089651149,80.0,3.125,2.0
311--41874--FOREX_eursgd-day-Close.arff,0.0,0.006550218340611353,2.0,924.0,908.0,1.0,0.0,0.4871654833424358,12.0,1832.0,0.0,49.56331877729257,2.0,91.66666666666666,8.333333333333332,1.0,2.0,50.43668122270743,0.0,0.0,8.333333333333332,2.0,11.0
380--46--splice.arff,0.0,0.019435736677115987,3.0,1655.0,767.0,62.0,0.0,0.9993728441517717,62.0,3190.0,0.0,24.043887147335425,3.0,0.0,0.0,0.0,3178.0,51.88087774294671,0.0,403.0029846111559,100.0,55.935483870967694,0.0
323--41760--FOREX_eurhuf-day-High.arff,0.0,0.006543075245365322,2.0,953.0,881.0,1.0,0.0,0.5673758865248227,12.0,1834.0,0.0,48.037077426390404,2.0,91.66666666666666,8.333333333333332,1.0,2.0,51.962922573609596,0.0,0.0,8.333333333333332,2.0,11.0
521--41768--FOREX_eurnok-hour-High.arff,0.0,2.738163148887621E-4,2.0,23048.0,20777.0,1.0,0.0,0.5235487404162102,12.0,43825.0,0.0,47.40901312036509,2.0,91.66666666666666,8.333333333333332,1.0,2.0,52.59098687963492,0.0,0.0,8.333333333333332,2.0,11.0
93--450--analcatdata_lawsuit.arff,0.0,0.01893939393939394,2.0,245.0,19.0,2.0,0.0,0.9961977186311787,5.0,264.0,0.0,7.196969696969697,2.0,60.0,40.0,2.0,2.0,92.8030303030303,0.0,0.0,40.0,2.0,3.0
517--41898--FOREX_audnzd-hour-Close.arff,0.0,2.738163148887621E-4,2.0,22275.0,21550.0,1.0,0.0,0.4804673238408178,12.0,43825.0,0.0,49.17284654877353,2.0,91.66666666666666,8.333333333333332,1.0,2.0,50.82715345122647,0.0,0.0,8.333333333333332,2.0,11.0
202--40795--ant-1.7.arff,0.0,0.028187919463087248,2.0,579.0,166.0,1.0,0.0,0.6397849462365591,21.0,745.0,0.0,22.28187919463087,2.0,95.23809523809523,4.761904761904762,1.0,2.0,77.71812080536913,0.0,0.0,4.761904761904762,2.0,20.0
415--40773--Gisette-train.arff,0.0,1.020612244897959,2.0,2465.0,2435.0,1.0,0.0,0.49561134925495,5001.0,4900.0,0.0,49.69387755102041,2.0,99.98000399920016,0.01999600079984003,1.0,2.0,50.30612244897959,0.0,0.0,0.01999600079984003,2.0,5000.0
247--40763--Car-train.arff,0.0,0.005785123966942148,4.0,843.0,51.0,7.0,0.0,0.6038047973531845,7.0,1210.0,0.0,4.214876033057851,3.0,0.0,0.0,0.0,4.0,69.66942148760332,0.0,0.5345224838248487,100.0,3.5714285714285716,0.0
56--40824--lucene-2.0.arff,0.0,0.1076923076923077,2.0,104.0,91.0,1.0,0.0,0.4793814432989691,21.0,195.0,0.0,46.666666666666664,2.0,95.23809523809523,4.761904761904762,1.0,2.0,53.333333333333336,0.0,0.0,4.761904761904762,2.0,20.0
214--40850--tomcat.arff,0.0,0.023310023310023312,2.0,781.0,77.0,1.0,0.0,0.838973162193699,20.0,858.0,0.0,8.974358974358974,2.0,95.0,5.0,1.0,2.0,91.02564102564102,0.0,0.0,5.0,2.0,19.0
476--310--mammography.arff,0.0,6.259501028346597E-4,2.0,10923.0,260.0,1.0,0.0,0.9983008406367376,7.0,11183.0,0.0,2.3249575248144505,2.0,85.71428571428571,14.285714285714285,1.0,2.0,97.67504247518555,0.0,0.0,14.285714285714285,2.0,6.0
30--1066--kc1-binary.arff,0.0,0.6551724137931034,2.0,85.0,60.0,1.0,0.0,0.6597222222222222,95.0,145.0,0.0,41.37931034482759,2.0,98.94736842105263,1.0526315789473684,1.0,2.0,58.620689655172406,0.0,0.0,1.0526315789473684,2.0,94.0
285--40777--Madelon-train.arff,0.0,0.2752747252747253,2.0,912.0,908.0,1.0,0.0,0.5019241341396372,501.0,1820.0,0.0,49.89010989010989,2.0,99.8003992015968,0.19960079840319359,1.0,2.0,50.10989010989011,0.0,0.0,0.19960079840319359,2.0,500.0
115--40836--poi-2.0.arff,0.0,0.06687898089171974,2.0,277.0,37.0,1.0,0.0,0.7891373801916933,21.0,314.0,0.0,11.78343949044586,2.0,95.23809523809523,4.761904761904762,1.0,2.0,88.21656050955414,0.0,0.0,4.761904761904762,2.0,20.0
64--40823--log4j-1.2.arff,0.0,0.1024390243902439,2.0,189.0,16.0,1.0,0.0,0.8431372549019608,21.0,205.0,0.0,7.804878048780488,2.0,95.23809523809523,4.761904761904762,1.0,2.0,92.19512195121952,0.0,0.0,4.761904761904762,2.0,20.0
213--54--vehicle.arff,0.0,0.022458628841607566,4.0,218.0,199.0,1.0,0.0,0.2579881656804734,19.0,846.0,0.0,23.52245862884161,4.0,94.73684210526315,0.0,0.0,4.0,25.768321513002363,0.0,0.0,5.263157894736842,4.0,18.0
563--41884--FOREX_nzdusd-hour-High.arff,0.0,2.738163148887621E-4,2.0,23184.0,20641.0,1.0,0.0,0.5384492515516612,12.0,43825.0,0.0,47.09868796349116,2.0,91.66666666666666,8.333333333333332,1.0,2.0,52.90131203650884,0.0,0.0,8.333333333333332,2.0,11.0
39--1085--anthracyclineTaxaneChemotherapy.arff,0.0,385.9119496855346,2.0,95.0,64.0,1.0,0.0,0.5316455696202531,61360.0,159.0,0.0,40.25157232704403,2.0,99.998370273794,0.0016297262059973925,1.0,2.0,59.74842767295597,0.0,0.0,0.0016297262059973925,2.0,61359.0
373--40478--thyroid-dis.arff,0.0,0.009642857142857142,5.0,1632.0,31.0,21.0,0.0,0.4294390853876384,27.0,2800.0,0.0,1.107142857142857,2.0,22.22222222222222,74.07407407407408,20.0,5.0,58.285714285714285,0.0,0.6546536707079771,77.77777777777779,2.142857142857143,6.0
599--40923--Devnagari-Script.arff,0.0,0.011141304347826087,46.0,2000.0,2000.0,1.0,0.0,0.9995108642485244,1025.0,92000.0,0.0,2.1739130434782608,46.0,99.90243902439025,0.0,0.0,46.0,2.1739130434782608,0.0,0.0,0.0975609756097561,46.0,1024.0
407--1043--ada_agnostic.arff,0.0,0.010740903112669882,2.0,3430.0,1132.0,1.0,0.0,0.6263977197982898,49.0,4562.0,0.0,24.813678211310826,2.0,97.95918367346938,2.0408163265306123,1.0,2.0,75.18632178868917,0.0,0.0,2.0408163265306123,2.0,48.0
40--40669--corral.arff,0.0,0.04375,2.0,90.0,70.0,7.0,0.0,0.8553459119496856,7.0,160.0,0.0,43.75,2.0,0.0,100.0,7.0,2.0,56.25,0.0,0.0,100.0,2.0,0.0
495--40926--CIFAR_10_small.arff,0.0,0.15365,10.0,2032.0,1937.0,1.0,0.0,0.10045502275113756,3073.0,20000.0,0.0,9.685,10.0,99.96745850959974,0.0,0.0,10.0,10.16,0.0,0.0,0.03254149040026033,10.0,3072.0
217--2--anneal.arff,898.0,0.043429844097995544,5.0,684.0,8.0,33.0,22175.0,0.6064659977703456,39.0,898.0,63.317343384158534,0.8908685968819599,0.0,15.384615384615385,10.256410256410255,4.0,7.0,76.16926503340757,100.0,1.5576059718800395,84.61538461538461,1.6363636363636362,6.0
354--22--mfeat-zernike.arff,0.0,0.024,10.0,200.0,200.0,1.0,0.0,0.9954977488744372,48.0,2000.0,0.0,10.0,10.0,97.91666666666666,0.0,0.0,10.0,10.0,0.0,0.0,2.083333333333333,10.0,47.0
196--1553--autoUniv-au7-700.arff,0.0,0.018571428571428572,3.0,245.0,214.0,5.0,0.0,0.3361945636623748,13.0,700.0,0.0,30.571428571428573,2.0,61.53846153846154,15.384615384615385,2.0,3.0,35.0,0.0,0.5477225575051661,38.46153846153847,2.6,8.0
107--49--heart-c.arff,7.0,0.0462046204620462,2.0,165.0,138.0,8.0,7.0,0.5364238410596026,14.0,303.0,0.16501650165016502,45.54455445544555,2.0,42.857142857142854,21.428571428571427,3.0,4.0,54.45544554455446,2.31023102310231,0.7440238091428449,57.14285714285714,2.625,6.0
70--1500--seismic-bumps.arff,0.0,0.0380952380952381,3.0,70.0,70.0,1.0,0.0,0.9904306220095693,8.0,210.0,0.0,33.33333333333333,3.0,87.5,0.0,0.0,3.0,33.33333333333333,0.0,0.0,12.5,3.0,7.0
532--41889--FOREX_eurjpy-hour-Close.arff,0.0,2.738163148887621E-4,2.0,22103.0,21722.0,1.0,0.0,0.47430631617378605,12.0,43825.0,0.0,49.56531660011409,2.0,91.66666666666666,8.333333333333332,1.0,2.0,50.434683399885905,0.0,0.0,8.333333333333332,2.0,11.0
436--1116--musk.arff,0.0,0.025613822370415276,2.0,5581.0,1017.0,3.0,0.0,0.9998484159466424,169.0,6598.0,0.0,15.413761745983631,2.0,98.22485207100591,0.591715976331361,1.0,6598.0,84.58623825401637,0.0,3779.6655936735992,1.7751479289940828,2234.0,166.0
34--48--tae.arff,0.0,0.039735099337748346,3.0,52.0,49.0,3.0,0.0,0.9266666666666666,6.0,151.0,0.0,32.450331125827816,2.0,50.0,33.33333333333333,2.0,3.0,34.437086092715234,0.0,0.5773502691896258,50.0,2.3333333333333335,3.0
410--40997--jungle_chess_2pcs_endgame_panther_lion.arff,0.0,0.009991496598639456,3.0,2523.0,145.0,27.0,0.0,0.8158622156070593,47.0,4704.0,0.0,3.082482993197279,1.0,42.5531914893617,48.93617021276596,23.0,3.0,53.63520408163265,0.0,0.43690180920109617,57.446808510638306,2.037037037037037,20.0
507--1486--nomao.arff,0.0,0.003452778180763093,2.0,24621.0,9844.0,30.0,0.0,0.9483228876508821,119.0,34465.0,0.0,28.562309589438563,2.0,74.78991596638656,2.5210084033613445,3.0,3.0,71.43769041056144,0.0,0.30512857662936466,25.210084033613445,2.9,89.0
24--1075--datatrieve.arff,0.0,0.06923076923076923,2.0,119.0,11.0,1.0,0.0,0.9457364341085271,9.0,130.0,0.0,8.461538461538462,2.0,88.88888888888889,11.11111111111111,1.0,2.0,91.53846153846153,0.0,0.0,11.11111111111111,2.0,8.0
208--40912--Teste_1.arff,0.0,0.01171875,2.0,500.0,268.0,1.0,0.0,0.5501955671447197,9.0,768.0,0.0,34.89583333333333,2.0,88.88888888888889,11.11111111111111,1.0,2.0,65.10416666666666,0.0,0.0,11.11111111111111,2.0,8.0
427--28--optdigits.arff,0.0,0.011565836298932384,10.0,572.0,554.0,1.0,0.0,0.09254315714539954,65.0,5620.0,0.0,9.857651245551601,10.0,98.46153846153847,0.0,0.0,10.0,10.177935943060499,0.0,0.0,1.5384615384615385,10.0,64.0
511--41782--FOREX_usdjpy-hour-Close.arff,0.0,2.738163148887621E-4,2.0,22363.0,21462.0,1.0,0.0,0.4801478641840088,12.0,43825.0,0.0,48.97204791785511,2.0,91.66666666666666,8.333333333333332,1.0,2.0,51.02795208214489,0.0,0.0,8.333333333333332,2.0,11.0
249--1545--volcanoes-e4.arff,0.0,0.003194888178913738,5.0,1144.0,9.0,1.0,0.0,0.9552358113509193,4.0,1252.0,0.0,0.7188498402555911,5.0,75.0,0.0,0.0,5.0,91.3738019169329,0.0,0.0,25.0,5.0,3.0
260--1454--PieChart4.arff,0.0,0.02606310013717421,2.0,1280.0,178.0,1.0,0.0,0.7803706245710363,38.0,1458.0,0.0,12.208504801097392,2.0,97.36842105263158,2.631578947368421,1.0,2.0,87.79149519890261,0.0,0.0,2.631578947368421,2.0,37.0
8--17--bridges.arff,37.0,0.12149532710280374,7.0,44.0,2.0,10.0,73.0,0.4811320754716981,13.0,107.0,5.24802300503235,1.8691588785046727,2.0,23.076923076923077,15.384615384615385,2.0,107.0,41.1214953271028,34.57943925233645,34.854618696012786,76.92307692307693,18.800000000000004,3.0
130--41496--DRSongsLyrics.arff,1.0,0.008379888268156424,2.0,179.0,179.0,1.0,1.0,0.4425770308123249,3.0,358.0,0.0931098696461825,50.0,2.0,33.33333333333333,33.33333333333333,1.0,2.0,50.0,0.27932960893854747,0.0,33.33333333333333,2.0,1.0
111--43--haberman.arff,0.0,0.013071895424836602,2.0,225.0,81.0,2.0,0.0,0.7868852459016393,4.0,306.0,0.0,26.47058823529412,2.0,50.0,25.0,1.0,12.0,73.52941176470588,0.0,7.0710678118654755,50.0,7.0,2.0
181--41084--UMIST_Faces_Cropped.arff,0.0,17.921739130434784,20.0,48.0,19.0,1.0,0.0,0.9668989547038328,10305.0,575.0,0.0,3.304347826086956,20.0,99.99029597282872,0.0,0.0,20.0,8.347826086956523,0.0,0.0,0.009704027171276079,20.0,10304.0
26--374--SyskillWebert-BioMedical.arff,0.0,0.022900763358778626,3.0,96.0,3.0,1.0,0.0,0.9307692307692308,3.0,131.0,0.0,2.2900763358778624,3.0,0.0,0.0,0.0,3.0,73.2824427480916,0.0,0.0,33.33333333333333,3.0,0.0
193--29--credit-approval.arff,37.0,0.02318840579710145,2.0,383.0,307.0,10.0,67.0,0.9782293178519593,16.0,690.0,0.6068840579710145,44.492753623188406,2.0,37.5,31.25,5.0,14.0,55.507246376811594,5.36231884057971,4.049691346263318,62.5,4.2,6.0
163--40665--clean1.arff,0.0,0.3550420168067227,2.0,269.0,207.0,1.0,0.0,0.9978947368421053,169.0,476.0,0.0,43.48739495798319,2.0,99.40828402366864,0.591715976331361,1.0,2.0,56.51260504201681,0.0,0.0,0.591715976331361,2.0,168.0
337--41858--FOREX_usdchf-day-Close.arff,0.0,0.006539509536784741,2.0,951.0,884.0,1.0,0.0,0.4825517993456925,12.0,1835.0,0.0,48.17438692098093,2.0,91.66666666666666,8.333333333333332,1.0,2.0,51.82561307901907,0.0,0.0,8.333333333333332,2.0,11.0
57--1488--parkinsons.arff,0.0,0.11794871794871795,2.0,147.0,48.0,1.0,0.0,0.9536082474226805,23.0,195.0,0.0,24.615384615384617,2.0,95.65217391304348,4.3478260869565215,1.0,2.0,75.38461538461539,0.0,0.0,4.3478260869565215,2.0,22.0
20--40820--KC4.arff,0.0,0.104,2.0,64.0,61.0,2.0,0.0,0.4596774193548387,13.0,125.0,0.0,48.8,2.0,84.61538461538461,15.384615384615385,2.0,2.0,51.2,0.0,0.0,15.384615384615385,2.0,11.0
322--41721--FOREX_audcad-day-High.arff,0.0,0.006543075245365322,2.0,931.0,903.0,1.0,0.0,0.5400981996726678,12.0,1834.0,0.0,49.23664122137404,2.0,91.66666666666666,8.333333333333332,1.0,2.0,50.76335877862596,0.0,0.0,8.333333333333332,2.0,11.0
104--1121--badges2.arff,0.0,0.03741496598639456,2.0,210.0,84.0,4.0,0.0,0.8464163822525598,11.0,294.0,0.0,28.57142857142857,2.0,63.63636363636363,36.36363636363637,4.0,2.0,71.42857142857143,0.0,0.0,36.36363636363637,2.0,7.0
386--40785--WineQualityWhite-train.arff,0.0,0.003499562554680665,7.0,1547.0,4.0,1.0,0.0,0.40227537922987167,12.0,3429.0,0.0,0.11665208515602217,7.0,91.66666666666666,0.0,0.0,7.0,45.11519393409157,0.0,0.0,8.333333333333332,7.0,11.0
226--58--vowel.arff,0.0,0.014141414141414142,11.0,90.0,90.0,4.0,0.0,0.0,14.0,990.0,0.0,9.090909090909092,2.0,71.42857142857143,14.285714285714285,2.0,15.0,9.090909090909092,0.0,6.557438524302,28.57142857142857,7.5,10.0
484--1036--sylva_agnostic.arff,0.0,0.015074678707884683,2.0,13509.0,886.0,1.0,0.0,0.8849520633597332,217.0,14395.0,0.0,6.154914901007294,2.0,99.53917050691244,0.4608294930875576,1.0,2.0,93.84508509899271,0.0,0.0,0.4608294930875576,2.0,216.0
502--1118--chess.arff,0.0,2.8514399771884804E-4,18.0,4553.0,27.0,7.0,0.0,0.9993940474068793,8.0,28056.0,0.0,0.0962360992301112,4.0,12.5,0.0,0.0,18.0,16.228257770173936,0.0,4.680252333449759,87.5,8.285714285714286,1.0
174--41701--CPMP-2015-classification.arff,0.0,0.051233396584440226,1.0,527.0,527.0,2.0,0.0,1.0,27.0,527.0,0.0,100.0,1.0,88.88888888888889,0.0,0.0,4.0,100.0,0.0,2.1213203435596424,7.4074074074074066,2.5,24.0
166--1554--autoUniv-au7-500.arff,0.0,0.026,5.0,192.0,43.0,5.0,0.0,0.24448897795591182,13.0,500.0,0.0,8.6,2.0,61.53846153846154,15.384615384615385,2.0,5.0,38.4,0.0,1.224744871391589,38.46153846153847,3.0,8.0
594--40756--ML2017-challenge-3.arff,0.0,0.011214285714285715,10.0,7877.0,6313.0,1.0,0.0,0.09564422348890698,785.0,70000.0,0.0,9.018571428571429,10.0,99.87261146496816,0.0,0.0,10.0,11.252857142857142,0.0,0.0,0.12738853503184713,10.0,784.0
18--1513--heart-switzerland.arff,0.0,0.10569105691056911,5.0,48.0,5.0,1.0,0.0,0.2540983606557377,13.0,123.0,0.0,4.0650406504065035,5.0,92.3076923076923,0.0,0.0,5.0,39.02439024390244,0.0,0.0,7.6923076923076925,5.0,12.0
558--41805--FOREX_eurrub-hour-High.arff,0.0,2.738163148887621E-4,2.0,30833.0,12992.0,1.0,0.0,0.6863134355604235,12.0,43825.0,0.0,29.645179691956645,2.0,91.66666666666666,8.333333333333332,1.0,2.0,70.35482030804336,0.0,0.0,8.333333333333332,2.0,11.0
398--38--sick.arff,3772.0,0.007953340402969246,2.0,3541.0,231.0,23.0,6064.0,0.8865022540440202,30.0,3772.0,5.358784022622834,6.1240721102863205,1.0,23.333333333333332,70.0,21.0,5.0,93.87592788971368,100.0,0.668311541278118,76.66666666666667,2.0869565217391304,7.0
13--1080--rsctc2010_4.arff,0.0,483.85840707964604,5.0,51.0,10.0,1.0,0.0,0.2857142857142857,54676.0,113.0,0.0,8.849557522123893,5.0,99.9981710439681,0.0,0.0,5.0,45.13274336283185,0.0,0.0,0.0018289560318969934,5.0,54675.0
179--333--monks-problems-1.arff,0.0,0.012589928057553957,2.0,284.0,272.0,7.0,0.0,0.09009009009009009,7.0,556.0,0.0,48.92086330935252,2.0,0.0,42.857142857142854,3.0,4.0,51.07913669064749,0.0,0.7559289460184545,100.0,2.7142857142857144,0.0
580--1111--KDDCup09_appetency.arff,50000.0,0.00462,2.0,49110.0,890.0,39.0,8024152.0,0.9651593031860637,231.0,50000.0,69.47317748917749,1.78,1.0,83.11688311688312,2.1645021645021645,5.0,15415.0,98.22,100.0,4160.398063392966,16.883116883116884,1833.4871794871794,192.0
498--822--cal_housing.arff,0.0,4.3604651162790697E-4,2.0,12255.0,8385.0,1.0,0.0,0.8698095837976646,9.0,20640.0,0.0,40.625,2.0,88.88888888888889,11.11111111111111,1.0,2.0,59.375,0.0,0.0,11.11111111111111,2.0,8.0
173--41919--CPMP-2015-runtime-classification.arff,0.0,0.04364326375711575,4.0,208.0,78.0,1.0,0.0,0.4543726235741445,23.0,527.0,0.0,14.800759013282732,4.0,95.65217391304348,0.0,0.0,4.0,39.46869070208729,0.0,0.0,4.3478260869565215,4.0,22.0
232--1444--PizzaCutter3.arff,0.0,0.0364333652924257,2.0,916.0,127.0,1.0,0.0,0.7754318618042226,38.0,1043.0,0.0,12.17641418983701,2.0,97.36842105263158,2.631578947368421,1.0,2.0,87.823585810163,0.0,0.0,2.631578947368421,2.0,37.0
349--41791--FOREX_eurusd-day-Close.arff,0.0,0.0065323897659227,2.0,926.0,911.0,1.0,0.0,0.4803921568627451,12.0,1837.0,0.0,49.59172563962983,2.0,91.66666666666666,8.333333333333332,1.0,2.0,50.408274360370164,0.0,0.0,8.333333333333332,2.0,11.0
503--1537--volcanoes-c1.arff,0.0,1.3973310976035772E-4,5.0,27895.0,71.0,1.0,0.0,0.9835458515283843,4.0,28626.0,0.0,0.24802626982463497,5.0,75.0,0.0,0.0,5.0,97.44637741912946,0.0,0.0,25.0,5.0,3.0
408--44--spambase.arff,0.0,0.012605955227124538,2.0,2788.0,1813.0,1.0,0.0,0.9997826086956522,58.0,4601.0,0.0,39.404477287546186,2.0,98.27586206896551,1.7241379310344827,1.0,2.0,60.59552271245382,0.0,0.0,1.7241379310344827,2.0,57.0
555--41883--FOREX_eurnzd-hour-High.arff,0.0,2.738163148887621E-4,2.0,22999.0,20826.0,1.0,0.0,0.5440397955458196,12.0,43825.0,0.0,47.520821448944666,2.0,91.66666666666666,8.333333333333332,1.0,2.0,52.47917855105534,0.0,0.0,8.333333333333332,2.0,11.0
52--1490--planning-relax.arff,0.0,0.07142857142857142,2.0,130.0,52.0,1.0,0.0,0.430939226519337,13.0,182.0,0.0,28.57142857142857,2.0,92.3076923076923,7.6923076923076925,1.0,2.0,71.42857142857143,0.0,0.0,7.6923076923076925,2.0,12.0
240--1552--autoUniv-au7-1100.arff,0.0,0.011818181818181818,5.0,305.0,153.0,5.0,0.0,0.272975432211101,13.0,1100.0,0.0,13.90909090909091,2.0,61.53846153846154,15.384615384615385,2.0,5.0,27.727272727272727,0.0,1.224744871391589,38.46153846153847,3.0,8.0
524--41888--FOREX_audchf-hour-Close.arff,0.0,2.738163148887621E-4,2.0,21916.0,21909.0,1.0,0.0,0.4815626140927346,12.0,43825.0,0.0,49.992013690815746,2.0,91.66666666666666,8.333333333333332,1.0,2.0,50.00798630918426,0.0,0.0,8.333333333333332,2.0,11.0
443--300--isolet.arff,0.0,0.07926125432858792,26.0,300.0,298.0,1.0,0.0,0.30002565418163163,618.0,7797.0,0.0,3.8219828139027827,26.0,99.83818770226537,0.0,0.0,26.0,3.8476337052712584,0.0,0.0,0.16181229773462785,26.0,617.0
590--40927--CIFAR_10.arff,0.0,0.05121666666666667,10.0,6000.0,6000.0,1.0,0.0,0.0986516441940699,3073.0,60000.0,0.0,10.0,10.0,99.96745850959974,0.0,0.0,10.0,10.0,0.0,0.0,0.03254149040026033,10.0,3072.0
124--466--schizo.arff,228.0,0.041176470588235294,2.0,177.0,163.0,3.0,834.0,0.9970501474926253,14.0,340.0,17.521008403361343,47.94117647058824,2.0,78.57142857142857,14.285714285714285,2.0,3.0,52.05882352941177,67.05882352941175,0.5773502691896258,21.428571428571427,2.3333333333333335,11.0
533--41723--FOREX_cadchf-hour-High.arff,0.0,2.738163148887621E-4,2.0,22417.0,21408.0,1.0,0.0,0.5421914932457101,12.0,43825.0,0.0,48.84883057615516,2.0,91.66666666666666,8.333333333333332,1.0,2.0,51.151169423844834,0.0,0.0,8.333333333333332,2.0,11.0
294--41744--FOREX_eurrub-day-High.arff,0.0,0.006550218340611353,2.0,944.0,888.0,1.0,0.0,0.5636264336428182,12.0,1832.0,0.0,48.47161572052402,2.0,91.66666666666666,8.333333333333332,1.0,2.0,51.52838427947598,0.0,0.0,8.333333333333332,2.0,11.0
331--41764--FOREX_gbpusd-day-High.arff,0.0,0.006543075245365322,2.0,937.0,897.0,1.0,0.0,0.5608292416803055,12.0,1834.0,0.0,48.909487459105776,2.0,91.66666666666666,8.333333333333332,1.0,2.0,51.09051254089422,0.0,0.0,8.333333333333332,2.0,11.0
210--40855--xalan-2.5.arff,0.0,0.026151930261519303,2.0,416.0,387.0,1.0,0.0,0.47880299251870323,21.0,803.0,0.0,48.194271481942714,2.0,95.23809523809523,4.761904761904762,1.0,2.0,51.80572851805728,0.0,0.0,4.761904761904762,2.0,20.0
356--16--mfeat-karhunen.arff,0.0,0.0325,10.0,200.0,200.0,1.0,0.0,0.9954977488744372,65.0,2000.0,0.0,10.0,10.0,98.46153846153847,0.0,0.0,10.0,10.0,0.0,0.0,1.5384615384615385,10.0,64.0
122--40826--lucene-2.4.arff,0.0,0.061764705882352944,2.0,203.0,137.0,1.0,0.0,0.5339233038348082,21.0,340.0,0.0,40.294117647058826,2.0,95.23809523809523,4.761904761904762,1.0,2.0,59.705882352941174,0.0,0.0,4.761904761904762,2.0,20.0
109--40711--cleveland-nominal.arff,0.0,0.026402640264026403,5.0,164.0,13.0,8.0,0.0,0.36423841059602646,8.0,303.0,0.0,4.29042904290429,2.0,0.0,37.5,3.0,5.0,54.12541254125413,0.0,1.1259916264596033,100.0,3.125,0.0
557--41780--FOREX_usdchf-hour-High.arff,0.0,2.738163148887621E-4,2.0,22656.0,21169.0,1.0,0.0,0.5405941949616648,12.0,43825.0,0.0,48.30347974900171,2.0,91.66666666666666,8.333333333333332,1.0,2.0,51.69652025099829,0.0,0.0,8.333333333333332,2.0,11.0
433--1475--first-order-theorem-proving.arff,0.0,0.008499509643674403,6.0,2554.0,486.0,1.0,0.0,0.3678273663560569,52.0,6118.0,0.0,7.943772474664923,6.0,98.07692307692307,0.0,0.0,6.0,41.745668519123896,0.0,0.0,1.9230769230769231,6.0,51.0
421--1489--phoneme.arff,0.0,0.0011102886750555144,2.0,3818.0,1586.0,1.0,0.0,0.5918933925596891,6.0,5404.0,0.0,29.348630643967432,2.0,83.33333333333334,16.666666666666664,1.0,2.0,70.65136935603256,0.0,0.0,16.666666666666664,2.0,5.0
248--1479--hill-valley.arff,0.0,0.08333333333333333,2.0,606.0,606.0,1.0,0.0,0.509496284062758,101.0,1212.0,0.0,50.0,2.0,99.00990099009901,0.9900990099009901,1.0,2.0,50.0,0.0,0.0,0.9900990099009901,2.0,100.0
411--41000--jungle_chess_2pcs_endgame_panther_elephant.arff,0.0,0.009991496598639456,3.0,2495.0,195.0,27.0,0.0,0.7928981501169466,47.0,4704.0,0.0,4.145408163265306,1.0,42.5531914893617,48.93617021276596,23.0,3.0,53.039965986394556,0.0,0.5175000172041234,57.446808510638306,1.962962962962963,20.0
466--1534--volcanoes-b4.arff,0.0,3.925417075564279E-4,5.0,9805.0,26.0,1.0,0.0,0.9794876827951713,4.0,10190.0,0.0,0.25515210991167814,5.0,75.0,0.0,0.0,5.0,96.22178606476938,0.0,0.0,25.0,5.0,3.0
339--41797--FOREX_usdjpy-day-High.arff,0.0,0.006539509536784741,2.0,921.0,914.0,1.0,0.0,0.5577971646673937,12.0,1835.0,0.0,49.809264305177116,2.0,91.66666666666666,8.333333333333332,1.0,2.0,50.190735694822884,0.0,0.0,8.333333333333332,2.0,11.0
149--455--cars.arff,14.0,0.022167487684729065,3.0,254.0,73.0,3.0,14.0,0.6222222222222222,9.0,406.0,0.38314176245210724,17.980295566502463,3.0,66.66666666666666,0.0,0.0,312.0,62.5615763546798,3.4482758620689653,177.82669465896657,33.33333333333333,106.66666666666666,6.0
328--41839--FOREX_cadjpy-day-High.arff,0.0,0.006543075245365322,2.0,920.0,914.0,1.0,0.0,0.5564648117839607,12.0,1834.0,0.0,49.836423118865866,2.0,91.66666666666666,8.333333333333332,1.0,2.0,50.163576881134134,0.0,0.0,8.333333333333332,2.0,11.0
307--41864--FOREX_chfsgd-day-High.arff,0.0,0.006550218340611353,2.0,999.0,833.0,1.0,0.0,0.5461496450027308,12.0,1832.0,0.0,45.46943231441048,2.0,91.66666666666666,8.333333333333332,1.0,2.0,54.53056768558952,0.0,0.0,8.333333333333332,2.0,11.0
148--1508--user-knowledge.arff,0.0,0.01488833746898263,5.0,129.0,24.0,1.0,0.0,0.22139303482587064,6.0,403.0,0.0,5.955334987593052,5.0,83.33333333333334,0.0,0.0,5.0,32.00992555831266,0.0,0.0,16.666666666666664,5.0,5.0
561--41856--FOREX_eurdkk-hour-High.arff,0.0,2.738163148887621E-4,2.0,23910.0,19915.0,1.0,0.0,0.4801022270901789,12.0,43825.0,0.0,45.442099258414146,2.0,91.66666666666666,8.333333333333332,1.0,2.0,54.557900741585854,0.0,0.0,8.333333333333332,2.0,11.0
302--41849--FOREX_audsgd-day-Close.arff,0.0,0.006550218340611353,2.0,923.0,909.0,1.0,0.0,0.4675040961223375,12.0,1832.0,0.0,49.617903930131,2.0,91.66666666666666,8.333333333333332,1.0,2.0,50.382096069869,0.0,0.0,8.333333333333332,2.0,11.0
460--1535--volcanoes-b5.arff,0.0,4.004404845329863E-4,5.0,9599.0,26.0,1.0,0.0,0.9786744092911493,4.0,9989.0,0.0,0.2602863149464411,5.0,75.0,0.0,0.0,5.0,96.09570527580338,0.0,0.0,25.0,5.0,3.0
582--1114--KDDCup09_upselling.arff,50000.0,0.00462,2.0,46318.0,3682.0,39.0,8024152.0,0.8641372827456549,231.0,50000.0,69.47317748917749,7.364,1.0,83.11688311688312,2.1645021645021645,5.0,15415.0,92.636,100.0,4160.398063392966,16.883116883116884,1833.4871794871794,192.0
200--188--eucalyptus.arff,95.0,0.02717391304347826,5.0,214.0,105.0,6.0,448.0,0.39319727891156464,20.0,736.0,3.0434782608695654,14.266304347826086,5.0,70.0,0.0,0.0,27.0,29.076086956521742,12.907608695652172,7.659416862050705,30.0,13.666666666666666,14.0
506--4135--Amazon_employee_access.arff,0.0,2.7464982147761604E-4,2.0,30872.0,1897.0,9.0,0.0,0.8914794921875,9.0,32769.0,0.0,5.789007903811529,2.0,0.0,11.11111111111111,1.0,4243.0,94.21099209618848,0.0,1446.733687003628,100.0,901.1111111111111,0.0
344--41720--FOREX_eurusd-day-High.arff,0.0,0.0065323897659227,2.0,957.0,880.0,1.0,0.0,0.5364923747276689,12.0,1837.0,0.0,47.90419161676647,2.0,91.66666666666666,8.333333333333332,1.0,2.0,52.09580838323353,0.0,0.0,8.333333333333332,2.0,11.0
455--1539--volcanoes-d2.arff,0.0,4.361098996947231E-4,5.0,8670.0,56.0,1.0,0.0,0.9682695453058554,4.0,9172.0,0.0,0.6105538595726123,5.0,75.0,0.0,0.0,5.0,94.52682075883122,0.0,0.0,25.0,5.0,3.0
180--1510--wdbc.arff,0.0,0.054481546572934976,2.0,357.0,212.0,1.0,0.0,0.625,31.0,569.0,0.0,37.258347978910365,2.0,96.7741935483871,3.225806451612903,1.0,2.0,62.741652021089635,0.0,0.0,3.225806451612903,2.0,30.0
445--24--mushroom.arff,2480.0,0.002831117676021664,2.0,4208.0,3916.0,23.0,2480.0,0.726332635725717,23.0,8124.0,1.3272536552993814,48.20285573609059,1.0,0.0,21.73913043478261,5.0,12.0,51.7971442639094,30.526834071885773,3.1809710899501766,100.0,5.130434782608695,0.0
292--41826--FOREX_eurnzd-day-Close.arff,0.0,0.006550218340611353,2.0,955.0,877.0,1.0,0.0,0.500819224467504,12.0,1832.0,0.0,47.87117903930131,2.0,91.66666666666666,8.333333333333332,1.0,2.0,52.12882096069868,0.0,0.0,8.333333333333332,2.0,11.0
102--13--breast-cancer.arff,9.0,0.03496503496503497,2.0,201.0,85.0,10.0,9.0,0.5684210526315789,10.0,286.0,0.3146853146853147,29.72027972027972,2.0,0.0,40.0,4.0,11.0,70.27972027972028,3.146853146853147,2.9832867780352594,100.0,4.3,0.0
420--1460--banana.arff,0.0,5.660377358490566E-4,2.0,2924.0,2376.0,1.0,0.0,0.49367805246272883,3.0,5300.0,0.0,44.83018867924528,2.0,66.66666666666666,33.33333333333333,1.0,2.0,55.16981132075471,0.0,0.0,33.33333333333333,2.0,2.0
22--1484--lsvt.arff,0.0,2.4682539682539684,2.0,84.0,42.0,1.0,0.0,0.336,311.0,126.0,0.0,33.33333333333333,2.0,99.67845659163987,0.3215434083601286,1.0,2.0,66.66666666666666,0.0,0.0,0.3215434083601286,2.0,310.0
549--41736--FOREX_eurhuf-hour-Close.arff,0.0,2.738163148887621E-4,2.0,26622.0,17203.0,1.0,0.0,0.5522544724351953,12.0,43825.0,0.0,39.253850541928124,2.0,91.66666666666666,8.333333333333332,1.0,2.0,60.746149458071876,0.0,0.0,8.333333333333332,2.0,11.0
74--40682--thyroid-new.arff,0.0,0.027906976744186046,3.0,150.0,30.0,1.0,0.0,0.9906542056074766,6.0,215.0,0.0,13.953488372093023,3.0,83.33333333333334,0.0,0.0,3.0,69.76744186046511,0.0,0.0,16.666666666666664,3.0,5.0
170--40805--CM1.arff,0.0,0.07524752475247524,2.0,457.0,48.0,1.0,0.0,0.8849206349206349,38.0,505.0,0.0,9.504950495049505,2.0,97.36842105263158,2.631578947368421,1.0,2.0,90.4950495049505,0.0,0.0,2.631578947368421,2.0,37.0
527--41827--FOREX_euraud-hour-Close.arff,0.0,2.738163148887621E-4,2.0,22133.0,21692.0,1.0,0.0,0.4816082511865644,12.0,43825.0,0.0,49.4968625213919,2.0,91.66666666666666,8.333333333333332,1.0,2.0,50.503137478608096,0.0,0.0,8.333333333333332,2.0,11.0
535--41773--FOREX_eurtry-hour-Close.arff,0.0,2.738163148887621E-4,2.0,22193.0,21632.0,1.0,0.0,0.4805357794815626,12.0,43825.0,0.0,49.359954363947516,2.0,91.66666666666666,8.333333333333332,1.0,2.0,50.64004563605248,0.0,0.0,8.333333333333332,2.0,11.0
546--41777--FOREX_eurjpy-hour-High.arff,0.0,2.738163148887621E-4,2.0,22982.0,20843.0,1.0,0.0,0.5382438846294268,12.0,43825.0,0.0,47.55961209355391,2.0,91.66666666666666,8.333333333333332,1.0,2.0,52.4403879064461,0.0,0.0,8.333333333333332,2.0,11.0
91--1442--MegaWatt1.arff,0.0,0.15019762845849802,2.0,226.0,27.0,1.0,0.0,0.8253968253968254,38.0,253.0,0.0,10.67193675889328,2.0,97.36842105263158,2.631578947368421,1.0,2.0,89.32806324110672,0.0,0.0,2.631578947368421,2.0,37.0
562--41865--FOREX_audsgd-hour-High.arff,0.0,2.738163148887621E-4,2.0,22558.0,21267.0,1.0,0.0,0.526674881343556,12.0,43825.0,0.0,48.52709640616087,2.0,91.66666666666666,8.333333333333332,1.0,2.0,51.472903593839135,0.0,0.0,8.333333333333332,2.0,11.0
198--1451--PieChart1.arff,0.0,0.05390070921985816,2.0,644.0,61.0,1.0,0.0,0.8380681818181818,38.0,705.0,0.0,8.652482269503546,2.0,97.36842105263158,2.631578947368421,1.0,2.0,91.34751773049645,0.0,0.0,2.631578947368421,2.0,37.0
188--40844--prop-6.arff,0.0,0.03333333333333333,2.0,594.0,66.0,1.0,0.0,0.8224582701062215,22.0,660.0,0.0,10.0,2.0,95.45454545454545,4.545454545454546,1.0,2.0,90.0,0.0,0.0,4.545454545454546,2.0,21.0
7--1061--ar4.arff,0.0,0.2803738317757009,2.0,87.0,20.0,1.0,0.0,0.6981132075471698,30.0,107.0,0.0,18.69158878504673,2.0,96.66666666666667,3.3333333333333335,1.0,2.0,81.30841121495327,0.0,0.0,3.3333333333333335,2.0,29.0
362--40999--jungle_chess_2pcs_endgame_elephant_elephant.arff,0.0,0.01999149298170991,2.0,1316.0,1035.0,27.0,0.0,0.4787234042553192,47.0,2351.0,0.0,44.02381965121225,1.0,42.5531914893617,48.93617021276596,23.0,3.0,55.97618034878775,0.0,0.5063696835418333,57.446808510638306,1.8888888888888888,20.0
550--41779--FOREX_eursek-hour-High.arff,0.0,2.738163148887621E-4,2.0,22632.0,21193.0,1.0,0.0,0.523001095290252,12.0,43825.0,0.0,48.35824301197946,2.0,91.66666666666666,8.333333333333332,1.0,2.0,51.64175698802054,0.0,0.0,8.333333333333332,2.0,11.0
286--41829--FOREX_nzdusd-day-Close.arff,0.0,0.006564551422319475,2.0,939.0,889.0,1.0,0.0,0.47071702244116037,12.0,1828.0,0.0,48.63238512035011,2.0,91.66666666666666,8.333333333333332,1.0,2.0,51.36761487964989,0.0,0.0,8.333333333333332,2.0,11.0
251--1544--volcanoes-e3.arff,0.0,0.0031323414252153485,5.0,1170.0,9.0,1.0,0.0,0.9561128526645768,4.0,1277.0,0.0,0.7047768206734534,5.0,75.0,0.0,0.0,5.0,91.62098668754895,0.0,0.0,25.0,5.0,3.0
63--1047--usp05.arff,0.0,0.08374384236453201,11.0,112.0,1.0,14.0,0.0,0.7227722772277227,17.0,203.0,0.0,0.49261083743842365,3.0,17.647058823529413,0.0,0.0,112.0,55.172413793103445,0.0,29.019224397205804,82.35294117647058,29.5,3.0
320--41894--FOREX_eurchf-day-Close.arff,0.0,0.006546644844517185,2.0,952.0,881.0,1.0,0.0,0.47543668122270744,12.0,1833.0,0.0,48.063284233497,2.0,91.66666666666666,8.333333333333332,1.0,2.0,51.936715766503006,0.0,0.0,8.333333333333332,2.0,11.0
547--41787--FOREX_eurpln-hour-High.arff,0.0,2.738163148887621E-4,2.0,23298.0,20527.0,1.0,0.0,0.514877692588536,12.0,43825.0,0.0,46.838562464346836,2.0,91.66666666666666,8.333333333333332,1.0,2.0,53.161437535653164,0.0,0.0,8.333333333333332,2.0,11.0
33--61--iris.arff,0.0,0.03333333333333333,3.0,50.0,50.0,1.0,0.0,0.9865771812080537,5.0,150.0,0.0,33.33333333333333,3.0,80.0,0.0,0.0,3.0,33.33333333333333,0.0,0.0,20.0,3.0,4.0
566--41739--FOREX_eurhkd-hour-High.arff,0.0,2.738163148887621E-4,2.0,23386.0,20439.0,1.0,0.0,0.5363955823293173,12.0,43825.0,0.0,46.63776383342841,2.0,91.66666666666666,8.333333333333332,1.0,2.0,53.362236166571584,0.0,0.0,8.333333333333332,2.0,11.0
383--40677--led24.arff,0.0,0.0078125,10.0,337.0,296.0,25.0,0.0,0.09846827133479212,25.0,3200.0,0.0,9.25,2.0,0.0,96.0,24.0,10.0,10.53125,0.0,1.6,100.0,2.32,0.0
567--41781--FOREX_audcad-hour-Close.arff,0.0,2.738163148887621E-4,2.0,21995.0,21830.0,1.0,0.0,0.47832238043081415,12.0,43825.0,0.0,49.81175128351398,2.0,91.66666666666666,8.333333333333332,1.0,2.0,50.18824871648603,0.0,0.0,8.333333333333332,2.0,11.0
477--26--nursery.arff,0.0,6.944444444444445E-4,5.0,4320.0,2.0,9.0,0.0,0.2393703217840883,9.0,12960.0,0.0,0.015432098765432098,2.0,0.0,11.11111111111111,1.0,5.0,33.33333333333333,0.0,1.0137937550497031,100.0,3.5555555555555554,0.0
512--41792--FOREX_usdchf-hour-Close.arff,0.0,2.738163148887621E-4,2.0,22068.0,21757.0,1.0,0.0,0.47540160642570284,12.0,43825.0,0.0,49.64517969195665,2.0,91.66666666666666,8.333333333333332,1.0,2.0,50.35482030804336,0.0,0.0,8.333333333333332,2.0,11.0
224--40804--camel-1.6.arff,0.0,0.021761658031088083,2.0,777.0,188.0,1.0,0.0,0.6804979253112033,21.0,965.0,0.0,19.48186528497409,2.0,95.23809523809523,4.761904761904762,1.0,2.0,80.51813471502591,0.0,0.0,4.761904761904762,2.0,20.0
575--279--meta_stream_intervals.arff.arff,0.0,0.0016606146488353556,11.0,23021.0,73.0,1.0,0.0,0.3057591391183048,75.0,45164.0,0.0,0.16163315915330795,11.0,98.66666666666667,0.0,0.0,11.0,50.97201310778496,0.0,0.0,1.3333333333333335,11.0,74.0
42--1054--mc2.arff,0.0,0.2484472049689441,2.0,109.0,52.0,1.0,0.0,0.5625,40.0,161.0,0.0,32.298136645962735,2.0,97.5,2.5,1.0,2.0,67.70186335403726,0.0,0.0,2.5,2.0,39.0
45--1520--robot-failures-lp5.arff,0.0,0.5548780487804879,5.0,47.0,21.0,1.0,0.0,0.7852760736196319,91.0,164.0,0.0,12.804878048780488,5.0,98.9010989010989,0.0,0.0,5.0,28.65853658536585,0.0,0.0,1.098901098901099,5.0,90.0
227--1547--autoUniv-au1-1000.arff,0.0,0.021,2.0,741.0,259.0,1.0,0.0,0.6216216216216216,21.0,1000.0,0.0,25.900000000000002,2.0,95.23809523809523,4.761904761904762,1.0,2.0,74.1,0.0,0.0,4.761904761904762,2.0,20.0
568--41806--FOREX_audjpy-hour-Close.arff,0.0,2.738163148887621E-4,2.0,22213.0,21612.0,1.0,0.0,0.48525921869295363,12.0,43825.0,0.0,49.31431831146606,2.0,91.66666666666666,8.333333333333332,1.0,2.0,50.68568168853395,0.0,0.0,8.333333333333332,2.0,11.0
426--1069--pc2.arff,0.0,0.006620146716765074,2.0,5566.0,23.0,1.0,0.0,0.9917680744452398,37.0,5589.0,0.0,0.411522633744856,2.0,97.2972972972973,2.7027027027027026,1.0,2.0,99.58847736625515,0.0,0.0,2.7027027027027026,2.0,36.0
343--41847--FOREX_eurdkk-day-High.arff,0.0,0.006535947712418301,2.0,939.0,897.0,1.0,0.0,0.5133514986376022,12.0,1836.0,0.0,48.8562091503268,2.0,91.66666666666666,8.333333333333332,1.0,2.0,51.143790849673195,0.0,0.0,8.333333333333332,2.0,11.0
47--40845--redaktor.arff,0.0,0.11931818181818182,2.0,149.0,27.0,1.0,0.0,0.7485714285714286,21.0,176.0,0.0,15.340909090909092,2.0,95.23809523809523,4.761904761904762,1.0,2.0,84.6590909090909,0.0,0.0,4.761904761904762,2.0,20.0
194--15--breast-w.arff,16.0,0.01430615164520744,2.0,458.0,241.0,1.0,16.0,0.6318051575931232,10.0,699.0,0.22889842632331905,34.47782546494993,2.0,90.0,10.0,1.0,2.0,65.52217453505007,2.28898426323319,0.0,10.0,2.0,9.0
88--40825--lucene-2.2.arff,0.0,0.08502024291497975,2.0,144.0,103.0,1.0,0.0,0.4878048780487805,21.0,247.0,0.0,41.70040485829959,2.0,95.23809523809523,4.761904761904762,1.0,2.0,58.2995951417004,0.0,0.0,4.761904761904762,2.0,20.0
315--41897--FOREX_usddkk-day-Close.arff,0.0,0.006550218340611353,2.0,916.0,916.0,1.0,0.0,0.4838885854724194,12.0,1832.0,0.0,50.0,2.0,91.66666666666666,8.333333333333332,1.0,2.0,50.0,0.0,0.0,8.333333333333332,2.0,11.0
548--41893--FOREX_eursgd-hour-High.arff,0.0,2.738163148887621E-4,2.0,22665.0,21160.0,1.0,0.0,0.5330640744797371,12.0,43825.0,0.0,48.28294352538505,2.0,91.66666666666666,8.333333333333332,1.0,2.0,51.71705647461494,0.0,0.0,8.333333333333332,2.0,11.0
238--1543--volcanoes-e2.arff,0.0,0.003703703703703704,5.0,984.0,8.0,1.0,0.0,0.9499536607970342,4.0,1080.0,0.0,0.7407407407407408,5.0,75.0,0.0,0.0,5.0,91.11111111111111,0.0,0.0,25.0,5.0,3.0
176--1467--climate-model-simulation-crashes.arff,0.0,0.03888888888888889,2.0,494.0,46.0,1.0,0.0,0.8385899814471243,21.0,540.0,0.0,8.518518518518519,2.0,95.23809523809523,4.761904761904762,1.0,2.0,91.48148148148148,0.0,0.0,4.761904761904762,2.0,20.0
522--41859--FOREX_eurnok-hour-Close.arff,0.0,2.738163148887621E-4,2.0,22018.0,21807.0,1.0,0.0,0.4789841182913472,12.0,43825.0,0.0,49.759269823160295,2.0,91.66666666666666,8.333333333333332,1.0,2.0,50.2407301768397,0.0,0.0,8.333333333333332,2.0,11.0
264--1530--volcanoes-a4.arff,0.0,0.0026402640264026403,5.0,1365.0,29.0,1.0,0.0,0.9445178335535006,4.0,1515.0,0.0,1.914191419141914,5.0,75.0,0.0,0.0,5.0,90.0990099009901,0.0,0.0,25.0,5.0,3.0
359--40775--KR-vs-KP-train.arff,0.0,0.01653261840929401,2.0,1180.0,1058.0,37.0,0.0,0.9986589181940099,37.0,2238.0,0.0,47.27435210008937,2.0,0.0,94.5945945945946,35.0,3.0,52.72564789991063,0.0,0.1643989873053572,100.0,2.027027027027027,0.0
187--11--balance-scale.arff,0.0,0.008,3.0,288.0,49.0,1.0,0.0,0.6971153846153846,5.0,625.0,0.0,7.84,3.0,80.0,0.0,0.0,3.0,46.08,0.0,0.0,20.0,3.0,4.0
218--4800--data.arff,0.0,0.035634743875278395,5.0,684.0,8.0,26.0,0.0,0.6064659977703456,32.0,898.0,0.0,0.8908685968819599,2.0,18.75,43.75,14.0,8.0,76.16926503340757,0.0,1.4400854675491153,81.25,2.923076923076923,6.0
526--41799--FOREX_eurhkd-hour-Close.arff,0.0,2.738163148887621E-4,2.0,22076.0,21749.0,1.0,0.0,0.4777975538517707,12.0,43825.0,0.0,49.626925270964065,2.0,91.66666666666666,8.333333333333332,1.0,2.0,50.373074729035935,0.0,0.0,8.333333333333332,2.0,11.0
571--41843--FOREX_audusd-hour-High.arff,0.0,2.738163148887621E-4,2.0,23210.0,20615.0,1.0,0.0,0.5390881708652793,12.0,43825.0,0.0,47.03936109526526,2.0,91.66666666666666,8.333333333333332,1.0,2.0,52.960638904734736,0.0,0.0,8.333333333333332,2.0,11.0
488--40834--PC5.arff,0.0,0.0022692889561270802,2.0,16670.0,516.0,1.0,0.0,0.9704393366307826,39.0,17186.0,0.0,3.00244384964506,2.0,97.43589743589743,2.564102564102564,1.0,2.0,96.99755615035494,0.0,0.0,2.564102564102564,2.0,38.0
146--1551--autoUniv-au6-400.arff,0.0,0.1025,8.0,111.0,25.0,4.0,0.0,0.18045112781954886,41.0,400.0,0.0,6.25,2.0,90.2439024390244,4.878048780487805,2.0,8.0,27.750000000000004,0.0,2.8722813232690143,9.75609756097561,3.75,37.0
135--40872--jedit-4.2.arff,0.0,0.05722070844686648,2.0,319.0,48.0,1.0,0.0,0.7540983606557377,21.0,367.0,0.0,13.079019073569482,2.0,95.23809523809523,4.761904761904762,1.0,2.0,86.92098092643052,0.0,0.0,4.761904761904762,2.0,20.0
269--1130--OVA_Lung.arff,0.0,7.078964401294498,2.0,1419.0,126.0,1.0,0.0,0.9876943005181347,10937.0,1545.0,0.0,8.155339805825243,2.0,99.99085672487885,0.009143275121148396,1.0,2.0,91.84466019417475,0.0,0.0,0.009143275121148396,2.0,10936.0
100--1087--hepatitisC.arff,0.0,193.01060070671377,3.0,245.0,18.0,1.0,0.0,0.74822695035461,54622.0,283.0,0.0,6.36042402826855,3.0,99.99816923583904,0.0,0.0,3.0,86.57243816254417,0.0,0.0,0.001830764160960785,3.0,54621.0
456--1540--volcanoes-d3.arff,0.0,4.308023694130318E-4,5.0,8771.0,58.0,1.0,0.0,0.9680094786729858,4.0,9285.0,0.0,0.624663435648896,5.0,75.0,0.0,0.0,5.0,94.46418955304254,0.0,0.0,25.0,5.0,3.0
84--40800--arc.arff,0.0,0.08974358974358974,2.0,207.0,27.0,1.0,0.0,0.7939914163090128,21.0,234.0,0.0,11.538461538461538,2.0,95.23809523809523,4.761904761904762,1.0,2.0,88.46153846153845,0.0,0.0,4.761904761904762,2.0,20.0
564--41896--FOREX_eursek-hour-Close.arff,0.0,2.738163148887621E-4,2.0,22043.0,21782.0,1.0,0.0,0.4701989777290982,12.0,43825.0,0.0,49.70222475755847,2.0,91.66666666666666,8.333333333333332,1.0,2.0,50.29777524244153,0.0,0.0,8.333333333333332,2.0,11.0
156--40838--poi-3.0.arff,0.0,0.04751131221719457,2.0,281.0,161.0,1.0,0.0,0.5306122448979592,21.0,442.0,0.0,36.425339366515836,2.0,95.23809523809523,4.761904761904762,1.0,2.0,63.57466063348416,0.0,0.0,4.761904761904762,2.0,20.0
434--182--satimage.arff,0.0,0.0057542768273716955,6.0,1531.0,625.0,1.0,0.0,0.18743194898117904,37.0,6430.0,0.0,9.720062208398133,6.0,97.2972972972973,0.0,0.0,6.0,23.81026438569207,0.0,0.0,2.7027027027027026,6.0,36.0
340--41722--FOREX_usdjpy-day-Close.arff,0.0,0.006539509536784741,2.0,933.0,902.0,1.0,0.0,0.4847328244274809,12.0,1835.0,0.0,49.155313351498634,2.0,91.66666666666666,8.333333333333332,1.0,2.0,50.84468664850136,0.0,0.0,8.333333333333332,2.0,11.0
543--41715--FOREX_eurhuf-hour-High.arff,0.0,2.738163148887621E-4,2.0,26892.0,16933.0,1.0,0.0,0.5846568090543994,12.0,43825.0,0.0,38.63776383342841,2.0,91.66666666666666,8.333333333333332,1.0,2.0,61.36223616657159,0.0,0.0,8.333333333333332,2.0,11.0
317--41834--FOREX_usdcad-day-Close.arff,0.0,0.006546644844517185,2.0,960.0,873.0,1.0,0.0,0.48253275109170307,12.0,1833.0,0.0,47.62684124386252,2.0,91.66666666666666,8.333333333333332,1.0,2.0,52.373158756137485,0.0,0.0,8.333333333333332,2.0,11.0
207--40715--pima.arff,0.0,0.01171875,2.0,500.0,268.0,1.0,0.0,0.9752281616688396,9.0,768.0,0.0,34.89583333333333,2.0,88.88888888888889,11.11111111111111,1.0,2.0,65.10416666666666,0.0,0.0,11.11111111111111,2.0,8.0
288--41811--FOREX_cadchf-day-Close.arff,0.0,0.006553795740032769,2.0,949.0,882.0,1.0,0.0,0.5010928961748634,12.0,1831.0,0.0,48.17039868924085,2.0,91.66666666666666,8.333333333333332,1.0,2.0,51.829601310759145,0.0,0.0,8.333333333333332,2.0,11.0
471--1532--volcanoes-b2.arff,0.0,3.749531308586427E-4,5.0,10285.0,26.0,1.0,0.0,0.9805943564263617,4.0,10668.0,0.0,0.24371953505811775,5.0,75.0,0.0,0.0,5.0,96.40982377202849,0.0,0.0,25.0,5.0,3.0
49--40792--ant-1.4.arff,0.0,0.11797752808988764,2.0,138.0,40.0,1.0,0.0,0.6045197740112994,21.0,178.0,0.0,22.47191011235955,2.0,95.23809523809523,4.761904761904762,1.0,2.0,77.52808988764045,0.0,0.0,4.761904761904762,2.0,20.0
600--41081--SVHN.arff,0.0,0.030950054890269817,10.0,18960.0,6254.0,1.0,0.0,0.10437313673354283,3073.0,99289.0,0.0,6.298784356776682,10.0,99.96745850959974,0.0,0.0,10.0,19.0957709313217,0.0,0.0,0.03254149040026033,10.0,3072.0
351--18--mfeat-morphological.arff,0.0,0.0035,10.0,200.0,200.0,1.0,0.0,0.9954977488744372,7.0,2000.0,0.0,10.0,10.0,85.71428571428571,0.0,0.0,10.0,10.0,0.0,0.0,14.285714285714285,10.0,6.0
333--41737--FOREX_audusd-day-Close.arff,0.0,0.006543075245365322,2.0,922.0,912.0,1.0,0.0,0.4735406437534097,12.0,1834.0,0.0,49.727371864776444,2.0,91.66666666666666,8.333333333333332,1.0,2.0,50.27262813522355,0.0,0.0,8.333333333333332,2.0,11.0
403--183--abalone.arff,0.0,0.0021546564519990424,28.0,689.0,1.0,2.0,0.0,0.2064176245210728,9.0,4177.0,0.0,0.023940627244433802,3.0,77.77777777777779,0.0,0.0,28.0,16.49509217141489,0.0,17.67766952966369,22.22222222222222,15.5,7.0
60--1512--heart-long-beach.arff,0.0,0.07,5.0,56.0,10.0,1.0,0.0,0.22110552763819097,14.0,200.0,0.0,5.0,5.0,92.85714285714286,0.0,0.0,5.0,28.000000000000004,0.0,0.0,7.142857142857142,5.0,13.0
271--1138--OVA_Uterus.arff,0.0,7.078964401294498,2.0,1421.0,124.0,1.0,0.0,0.9876943005181347,10937.0,1545.0,0.0,8.025889967637541,2.0,99.99085672487885,0.009143275121148396,1.0,2.0,91.97411003236246,0.0,0.0,0.009143275121148396,2.0,10936.0
169--451--irish.arff,32.0,0.012,3.0,325.0,37.0,4.0,32.0,0.56312625250501,6.0,500.0,1.0666666666666667,7.3999999999999995,2.0,33.33333333333333,33.33333333333333,2.0,10.0,65.0,6.4,3.8622100754188224,66.66666666666666,4.25,2.0
493--1222--letter-challenge-unlabeled.arff.arff,0.0,8.5E-4,3.0,10000.0,2760.0,1.0,10000.0,0.303815190759538,17.0,20000.0,2.941176470588235,13.8,2.0,94.11764705882352,5.88235294117647,1.0,2.0,50.0,0.0,0.0,5.88235294117647,2.0,16.0
244--40706--parity5_plus_5.arff,0.0,0.009786476868327402,2.0,567.0,557.0,11.0,0.0,0.4772929652715939,11.0,1124.0,0.0,49.555160142348754,2.0,0.0,100.0,11.0,2.0,50.444839857651246,0.0,0.0,100.0,2.0,0.0
28--40821--log4j-1.0.arff,0.0,0.15555555555555556,2.0,101.0,34.0,1.0,0.0,0.582089552238806,21.0,135.0,0.0,25.185185185185183,2.0,95.23809523809523,4.761904761904762,1.0,2.0,74.81481481481481,0.0,0.0,4.761904761904762,2.0,20.0
417--40701--churn.arff,0.0,0.0042,2.0,4293.0,707.0,5.0,0.0,0.7583516703340668,21.0,5000.0,0.0,14.14,2.0,76.19047619047619,14.285714285714285,3.0,10.0,85.86,0.0,3.492849839314596,23.809523809523807,3.8,16.0
330--41725--FOREX_eurcad-day-High.arff,0.0,0.006543075245365322,2.0,933.0,901.0,1.0,0.0,0.5504637206764866,12.0,1834.0,0.0,49.12758996728462,2.0,91.66666666666666,8.333333333333332,1.0,2.0,50.87241003271538,0.0,0.0,8.333333333333332,2.0,11.0
161--4329--thoracic_surgery.arff,0.0,0.036170212765957444,2.0,400.0,70.0,14.0,0.0,0.7398720682302772,17.0,470.0,0.0,14.893617021276595,2.0,17.647058823529413,64.70588235294117,11.0,7.0,85.1063829787234,0.0,1.398586413506136,82.35294117647058,2.5714285714285716,3.0
574--41001--jungle_chess_2pcs_endgame_complete.arff,3528.0,0.0010486623976438563,3.0,23062.0,4335.0,27.0,10584.0,0.70083448614396,47.0,44819.0,0.5024464833256033,9.672237220821527,2.0,42.5531914893617,48.93617021276596,23.0,3.0,51.45585577545238,7.871661572101118,0.3620139928982457,57.446808510638306,2.1481481481481484,20.0
505--1119--adult-census.arff,2399.0,4.91385399711311E-4,2.0,24720.0,7841.0,9.0,4262.0,0.6332002457002457,16.0,32561.0,0.8180799115506281,24.080955744602438,2.0,43.75,12.5,2.0,41.0,75.91904425539757,7.367709836921471,12.152960316089429,56.25,11.222222222222221,7.0
361--41049--ex1-features-holiday-person-en-201610.arff,0.0,0.056595744680851066,2.0,2349.0,1.0,133.0,0.0,0.9991485738612176,133.0,2350.0,0.0,0.0425531914893617,1.0,0.0,69.92481203007519,93.0,2.0,99.95744680851064,0.0,0.4603187697542934,100.0,1.699248120300752,0.0
579--179--adult.arff,3620.0,3.0711273084640267E-4,2.0,37155.0,11687.0,13.0,6465.0,0.634425994553756,15.0,48842.0,0.8824372466319971,23.928176569346054,2.0,13.333333333333334,13.333333333333334,2.0,41.0,76.07182343065395,7.411653904426519,10.363273416128512,86.66666666666667,9.307692307692308,2.0
465--1531--volcanoes-b1.arff,0.0,3.9308176100628933E-4,5.0,9791.0,26.0,1.0,0.0,0.9794594594594594,4.0,10176.0,0.0,0.255503144654088,5.0,75.0,0.0,0.0,5.0,96.21658805031447,0.0,0.0,25.0,5.0,3.0
19--1441--KungChi3.arff,0.0,0.3252032520325203,2.0,107.0,16.0,1.0,0.0,0.8114754098360656,40.0,123.0,0.0,13.008130081300814,2.0,97.5,2.5,1.0,2.0,86.99186991869918,0.0,0.0,2.5,2.0,39.0
106--41981--SAT11-HAND-runtime-classification.arff,181.0,0.3918918918918919,14.0,91.0,1.0,1.0,1810.0,0.43728813559322033,116.0,296.0,5.27143522833178,0.33783783783783783,14.0,99.13793103448276,0.0,0.0,14.0,30.743243243243246,61.14864864864865,0.0,0.8620689655172413,14.0,115.0
236--4550--MiceProtein.arff,528.0,0.07222222222222222,8.0,150.0,105.0,1.0,1396.0,0.9935125115848007,78.0,1080.0,1.657169990503324,9.722222222222223,8.0,98.71794871794873,0.0,0.0,8.0,13.88888888888889,48.888888888888886,0.0,1.282051282051282,8.0,77.0
509--41758--FOREX_eursgd-hour-Close.arff,0.0,2.738163148887621E-4,2.0,22080.0,21745.0,1.0,0.0,0.4728231106243154,12.0,43825.0,0.0,49.61779806046777,2.0,91.66666666666666,8.333333333333332,1.0,2.0,50.38220193953224,0.0,0.0,8.333333333333332,2.0,11.0
544--41734--FOREX_eurpln-hour-Close.arff,0.0,2.738163148887621E-4,2.0,22174.0,21651.0,1.0,0.0,0.46805403431909454,12.0,43825.0,0.0,49.40330861380491,2.0,91.66666666666666,8.333333333333332,1.0,2.0,50.59669138619509,0.0,0.0,8.333333333333332,2.0,11.0
12--40808--ivy-1.1.arff,0.0,0.1891891891891892,2.0,63.0,48.0,1.0,0.0,0.5181818181818182,21.0,111.0,0.0,43.24324324324324,2.0,95.23809523809523,4.761904761904762,1.0,2.0,56.75675675675676,0.0,0.0,4.761904761904762,2.0,20.0
303--41872--FOREX_eurhkd-day-Close.arff,0.0,0.006550218340611353,2.0,917.0,915.0,1.0,0.0,0.4833424358274167,12.0,1832.0,0.0,49.94541484716157,2.0,91.66666666666666,8.333333333333332,1.0,2.0,50.05458515283843,0.0,0.0,8.333333333333332,2.0,11.0
319--41753--FOREX_usdcad-day-High.arff,0.0,0.006546644844517185,2.0,921.0,912.0,1.0,0.0,0.5382096069868996,12.0,1833.0,0.0,49.754500818330605,2.0,91.66666666666666,8.333333333333332,1.0,2.0,50.245499181669395,0.0,0.0,8.333333333333332,2.0,11.0
514--41833--FOREX_cadjpy-hour-High.arff,0.0,2.738163148887621E-4,2.0,22693.0,21132.0,1.0,0.0,0.5414612997444322,12.0,43825.0,0.0,48.21905305191101,2.0,91.66666666666666,8.333333333333332,1.0,2.0,51.78094694808899,0.0,0.0,8.333333333333332,2.0,11.0
531--41879--FOREX_gbpusd-hour-High.arff,0.0,2.738163148887621E-4,2.0,23312.0,20513.0,1.0,0.0,0.5326989777290982,12.0,43825.0,0.0,46.806617227609806,2.0,91.66666666666666,8.333333333333332,1.0,2.0,53.19338277239019,0.0,0.0,8.333333333333332,2.0,11.0
