DATASET,DIMENSIONALITY,NUMBEROFCLASSES,MAJORITYCLASSSIZE,MINORITYCLASSSIZE,NUMBEROFSYMBOLICFEATURES,AUTOCORRELATION,NUMBEROFFEATURES,NUMBEROFINSTANCES,MINORITYCLASSPERCENTAGE,MINNOMINALATTDISTINCTVALUES,PERCENTAGEOFNUMERICFEATURES,PERCENTAGEOFBINARYFEATURES,NUMBEROFBINARYFEATURES,MAXNOMINALATTDISTINCTVALUES,MAJORITYCLASSPERCENTAGE,STDVNOMINALATTDISTINCTVALUES,PERCENTAGEOFSYMBOLICFEATURES,MEANNOMINALATTDISTINCTVALUES,NUMBEROFNUMERICFEATURES
fri_c0_500_50.arff,0.102,2.0,256.0,244.0,1.0,0.5170340681362725,51.0,500.0,48.8,2.0,98.0392156862745,1.9607843137254901,1.0,2.0,51.2,0.0,1.9607843137254901,2.0,50.0
plasma_retinol.arff,0.044444444444444446,2.0,182.0,133.0,4.0,0.5668789808917197,14.0,315.0,42.22222222222222,2.0,71.42857142857143,14.285714285714285,2.0,3.0,57.77777777777777,0.5773502691896257,28.57142857142857,2.5,10.0
veteran.arff,0.058394160583941604,2.0,94.0,43.0,5.0,0.6323529411764706,8.0,137.0,31.386861313868614,2.0,37.5,50.0,4.0,4.0,68.61313868613139,0.8944271909999161,62.5,2.4,3.0
phpDtekaj.arff,0.0033812341504649195,5.0,1083.0,9.0,1.0,0.9543147208121827,4.0,1183.0,0.760777683854607,5.0,75.0,0.0,0.0,5.0,91.54691462383771,0.0,25.0,5.0,3.0
fri_c1_250_10.arff,0.044,2.0,140.0,110.0,1.0,0.5261044176706827,11.0,250.0,44.0,2.0,90.9090909090909,9.090909090909092,1.0,2.0,56.00000000000001,0.0,9.090909090909092,2.0,10.0
phpdReP6S.arff,0.028808208366219414,2.0,2374.0,160.0,1.0,0.9155151993683379,73.0,2534.0,6.3141278610891876,2.0,98.63013698630137,1.36986301369863,1.0,2.0,93.68587213891081,0.0,1.36986301369863,2.0,72.0
led24.arff,0.0078125,10.0,337.0,296.0,25.0,0.09846827133479212,25.0,3200.0,9.25,2.0,0.0,96.0,24.0,10.0,10.53125,1.6,100.0,2.32,0.0
fri_c0_250_50.arff,0.204,2.0,133.0,117.0,1.0,0.4819277108433735,51.0,250.0,46.800000000000004,2.0,98.0392156862745,1.9607843137254901,1.0,2.0,53.2,0.0,1.9607843137254901,2.0,50.0
fri_c4_500_10.arff,0.022,2.0,276.0,224.0,1.0,0.5110220440881763,11.0,500.0,44.800000000000004,2.0,90.9090909090909,9.090909090909092,1.0,2.0,55.2,0.0,9.090909090909092,2.0,10.0
phpnThNfi.arff,0.0012399256044637321,2.0,4578.0,261.0,1.0,0.9654816039685821,6.0,4839.0,5.3936763794172355,2.0,83.33333333333334,16.666666666666664,1.0,2.0,94.60632362058277,0.0,16.666666666666664,2.0,5.0
delta_ailerons.arff,8.416327675690841E-4,2.0,3783.0,3346.0,1.0,0.3980078563411897,6.0,7129.0,46.93505400476925,2.0,83.33333333333334,16.666666666666664,1.0,2.0,53.06494599523075,0.0,16.666666666666664,2.0,5.0
php8F3DIv.arff,0.00201999798000202,6.0,2950.0,1.0,1.0,0.9606060606060606,20.0,9901.0,0.010099989900010101,6.0,95.0,0.0,0.0,6.0,29.7949702050298,0.0,5.0,6.0,19.0
kc3.arff,0.08733624454148471,2.0,415.0,43.0,1.0,0.8293216630196937,40.0,458.0,9.388646288209607,2.0,97.5,2.5,1.0,2.0,90.61135371179039,0.0,2.5,2.0,39.0
wind.arff,0.0022817158503194404,2.0,3501.0,3073.0,1.0,0.6949642476799026,15.0,6574.0,46.74475205354426,2.0,93.33333333333333,6.666666666666667,1.0,2.0,53.25524794645573,0.0,6.666666666666667,2.0,14.0
collins.arff,0.048,15.0,80.0,6.0,4.0,0.9719438877755511,24.0,500.0,1.2,1.0,83.33333333333334,0.0,0.0,500.0,16.0,244.9222665799634,16.666666666666664,132.75,20.0
dataset_48_tae.arff,0.039735099337748346,3.0,52.0,49.0,3.0,0.9266666666666666,6.0,151.0,32.450331125827816,2.0,50.0,33.33333333333333,2.0,3.0,34.437086092715234,0.5773502691896258,50.0,2.3333333333333335,3.0
mw1.arff,0.09429280397022333,2.0,372.0,31.0,1.0,0.8557213930348259,38.0,403.0,7.6923076923076925,2.0,97.36842105263158,2.631578947368421,1.0,2.0,92.3076923076923,0.0,2.631578947368421,2.0,37.0
fri_c2_1000_10.arff,0.011,2.0,580.0,420.0,1.0,0.4954954954954955,11.0,1000.0,42.0,2.0,90.9090909090909,9.090909090909092,1.0,2.0,57.99999999999999,0.0,9.090909090909092,2.0,10.0
fri_c0_1000_50.arff,0.051,2.0,510.0,490.0,1.0,0.5285285285285285,51.0,1000.0,49.0,2.0,98.0392156862745,1.9607843137254901,1.0,2.0,51.0,0.0,1.9607843137254901,2.0,50.0
wisconsin.arff,0.17010309278350516,2.0,104.0,90.0,1.0,0.6269430051813472,33.0,194.0,46.391752577319586,2.0,96.96969696969697,3.0303030303030303,1.0,2.0,53.608247422680414,0.0,3.0303030303030303,2.0,32.0
fri_c4_500_50.arff,0.102,2.0,264.0,236.0,1.0,0.5090180360721442,51.0,500.0,47.199999999999996,2.0,98.0392156862745,1.9607843137254901,1.0,2.0,52.800000000000004,0.0,1.9607843137254901,2.0,50.0
jEdit_42_43.arff,0.024390243902439025,2.0,204.0,165.0,1.0,0.7309782608695652,9.0,369.0,44.71544715447154,2.0,88.88888888888889,11.11111111111111,1.0,2.0,55.28455284552846,0.0,11.11111111111111,2.0,8.0
php7gmqTJ.arff,0.06,2.0,68.0,32.0,6.0,0.5959595959595959,6.0,100.0,32.0,2.0,0.0,50.0,3.0,5.0,68.0,1.1690451944500122,100.0,2.8333333333333335,0.0
analcatdata_neavote.arff,0.04,2.0,93.0,7.0,3.0,0.8585858585858586,4.0,100.0,7.000000000000001,2.0,25.0,25.0,1.0,99.0,93.0,55.716544520755534,75.0,34.66666666666667,1.0
chscase_geyser1.arff,0.013513513513513514,2.0,134.0,88.0,1.0,0.28054298642533937,3.0,222.0,39.63963963963964,2.0,66.66666666666666,33.33333333333333,1.0,2.0,60.36036036036037,0.0,33.33333333333333,2.0,2.0
fri_c0_250_10.arff,0.044,2.0,125.0,125.0,1.0,0.46184738955823296,11.0,250.0,50.0,2.0,90.9090909090909,9.090909090909092,1.0,2.0,50.0,0.0,9.090909090909092,2.0,10.0
dataset_106_molecular-biology_promoters.arff,0.5566037735849056,4.0,34.0,17.0,59.0,0.22857142857142856,59.0,106.0,16.037735849056602,2.0,0.0,1.694915254237288,1.0,106.0,32.075471698113205,13.286309050385267,100.0,5.694915254237289,0.0
jungle_chess_2pcs_endgame_panther_lion.arff,0.009991496598639456,3.0,2523.0,145.0,27.0,0.8158622156070593,47.0,4704.0,3.082482993197279,1.0,42.5531914893617,48.93617021276596,23.0,3.0,53.63520408163265,0.43690180920109617,57.446808510638306,2.037037037037037,20.0
titanic.arff,0.001817355747387551,2.0,1490.0,711.0,1.0,0.5668181818181818,4.0,2201.0,32.30349840981372,2.0,75.0,25.0,1.0,2.0,67.69650159018627,0.0,25.0,2.0,3.0
fri_c2_500_5.arff,0.012,2.0,298.0,202.0,1.0,0.5230460921843687,6.0,500.0,40.400000000000006,2.0,83.33333333333334,16.666666666666664,1.0,2.0,59.599999999999994,0.0,16.666666666666664,2.0,5.0
datatrieve.arff,0.06923076923076923,2.0,119.0,11.0,1.0,0.9457364341085271,9.0,130.0,8.461538461538462,2.0,88.88888888888889,11.11111111111111,1.0,2.0,91.53846153846153,0.0,11.11111111111111,2.0,8.0
fri_c0_100_10.arff,0.11,2.0,55.0,45.0,1.0,0.6262626262626263,11.0,100.0,45.0,2.0,90.9090909090909,9.090909090909092,1.0,2.0,55.00000000000001,0.0,9.090909090909092,2.0,10.0
fri_c1_1000_50.arff,0.051,2.0,547.0,453.0,1.0,0.5315315315315315,51.0,1000.0,45.300000000000004,2.0,98.0392156862745,1.9607843137254901,1.0,2.0,54.7,0.0,1.9607843137254901,2.0,50.0
fri_c3_100_5.arff,0.06,2.0,56.0,44.0,1.0,0.5151515151515151,6.0,100.0,44.0,2.0,83.33333333333334,16.666666666666664,1.0,2.0,56.00000000000001,0.0,16.666666666666664,2.0,5.0
mu284.arff,0.03873239436619718,2.0,142.0,142.0,1.0,0.9964664310954063,11.0,284.0,50.0,2.0,90.9090909090909,9.090909090909092,1.0,2.0,50.0,0.0,9.090909090909092,2.0,10.0
solar-flare_1.arff,0.04126984126984127,5.0,88.0,21.0,13.0,0.30254777070063693,13.0,315.0,6.666666666666667,2.0,0.0,53.84615384615385,7.0,6.0,27.936507936507937,1.35400640077266,100.0,3.0,0.0
fri_c2_100_5.arff,0.06,2.0,60.0,40.0,1.0,0.5656565656565656,6.0,100.0,40.0,2.0,83.33333333333334,16.666666666666664,1.0,2.0,60.0,0.0,16.666666666666664,2.0,5.0
phptbYBGx.arff,0.057488653555219364,2.0,609.0,52.0,1.0,0.8545454545454545,38.0,661.0,7.866868381240545,2.0,97.36842105263158,2.631578947368421,1.0,2.0,92.13313161875945,0.0,2.631578947368421,2.0,37.0
fri_c3_100_25.arff,0.26,2.0,55.0,45.0,1.0,0.5454545454545454,26.0,100.0,45.0,2.0,96.15384615384616,3.8461538461538463,1.0,2.0,55.00000000000001,0.0,3.8461538461538463,2.0,25.0
phpmxH8g0.arff,0.1025,8.0,111.0,25.0,4.0,0.18045112781954886,41.0,400.0,6.25,2.0,90.2439024390244,4.878048780487805,2.0,8.0,27.750000000000004,2.8722813232690143,9.75609756097561,3.75,37.0
phpWniPo4.arff,0.5548780487804879,5.0,47.0,21.0,1.0,0.7852760736196319,91.0,164.0,12.804878048780488,5.0,98.9010989010989,0.0,0.0,5.0,28.65853658536585,0.0,1.098901098901099,5.0,90.0
analcatdata_boxing1.arff,0.03333333333333333,2.0,78.0,42.0,4.0,0.6470588235294118,4.0,120.0,35.0,2.0,0.0,50.0,2.0,12.0,65.0,5.259911279353167,100.0,6.5,0.0
lowbwt.arff,0.05291005291005291,2.0,99.0,90.0,8.0,0.9893617021276596,10.0,189.0,47.61904761904761,2.0,20.0,50.0,5.0,6.0,52.38095238095239,1.4577379737113252,80.0,2.875,2.0
fri_c4_500_25.arff,0.052,2.0,284.0,216.0,1.0,0.46693386773547096,26.0,500.0,43.2,2.0,96.15384615384616,3.8461538461538463,1.0,2.0,56.8,0.0,3.8461538461538463,2.0,25.0
car-evaluation.arff,0.01273148148148148,2.0,1152.0,576.0,22.0,0.3335263462651998,22.0,1728.0,33.33333333333333,2.0,0.0,95.45454545454545,21.0,4.0,66.66666666666666,0.42640143271122116,100.0,2.090909090909091,0.0
phpLalDwz.arff,0.02606310013717421,2.0,1280.0,178.0,1.0,0.7803706245710363,38.0,1458.0,12.208504801097392,2.0,97.36842105263158,2.631578947368421,1.0,2.0,87.79149519890261,0.0,2.631578947368421,2.0,37.0
fri_c2_500_10.arff,0.022,2.0,286.0,214.0,1.0,0.49899799599198397,11.0,500.0,42.8,2.0,90.9090909090909,9.090909090909092,1.0,2.0,57.199999999999996,0.0,9.090909090909092,2.0,10.0
delta_elevators.arff,7.355259010192287E-4,2.0,4785.0,4732.0,1.0,0.4471416561580496,7.0,9517.0,49.721550908899864,2.0,85.71428571428571,14.285714285714285,1.0,2.0,50.27844909110014,0.0,14.285714285714285,2.0,6.0
php9pgo5r.arff,0.1,2.0,88.0,12.0,1.0,0.7777777777777778,10.0,100.0,12.0,2.0,90.0,10.0,1.0,2.0,88.0,0.0,10.0,2.0,9.0
fri_c1_1000_5.arff,0.006,2.0,543.0,457.0,1.0,0.5125125125125125,6.0,1000.0,45.7,2.0,83.33333333333334,16.666666666666664,1.0,2.0,54.300000000000004,0.0,16.666666666666664,2.0,5.0
phpO72JYX.arff,0.028,2.0,143.0,107.0,7.0,0.9959839357429718,7.0,250.0,42.8,2.0,0.0,14.285714285714285,1.0,3.0,57.199999999999996,0.37796447300922725,100.0,2.857142857142857,0.0
fri_c3_250_50.arff,0.204,2.0,142.0,108.0,1.0,0.5742971887550201,51.0,250.0,43.2,2.0,98.0392156862745,1.9607843137254901,1.0,2.0,56.8,0.0,1.9607843137254901,2.0,50.0
badges2.arff,0.04081632653061224,2.0,210.0,84.0,4.0,0.8464163822525598,12.0,294.0,28.57142857142857,2.0,66.66666666666666,33.33333333333333,4.0,2.0,71.42857142857143,0.0,33.33333333333333,2.0,8.0
fri_c3_500_5.arff,0.012,2.0,263.0,237.0,1.0,0.503006012024048,6.0,500.0,47.4,2.0,83.33333333333334,16.666666666666664,1.0,2.0,52.6,0.0,16.666666666666664,2.0,5.0
analcatdata_supreme.arff,0.0019743336623889436,2.0,3081.0,971.0,1.0,0.9859294001481116,8.0,4052.0,23.963474827245804,2.0,87.5,12.5,1.0,2.0,76.0365251727542,0.0,12.5,2.0,7.0
prnn_fglass.arff,0.04672897196261682,6.0,76.0,9.0,1.0,0.9765258215962441,10.0,214.0,4.205607476635514,6.0,90.0,0.0,0.0,6.0,35.51401869158878,0.0,10.0,6.0,9.0
php3YXJ45.arff,0.009642857142857142,5.0,1632.0,31.0,21.0,0.4294390853876384,27.0,2800.0,1.107142857142857,2.0,22.22222222222222,74.07407407407408,20.0,5.0,58.285714285714285,0.6546536707079771,77.77777777777779,2.142857142857143,6.0
tokyo1.arff,0.04692387904066736,2.0,613.0,346.0,3.0,0.5313152400835073,45.0,959.0,36.07924921793535,1.0,93.33333333333333,2.2222222222222223,1.0,2.0,63.92075078206465,0.5773502691896257,6.666666666666667,1.3333333333333333,42.0
arsenic-female-lung.arff,0.008944543828264758,2.0,540.0,19.0,2.0,0.9802867383512545,5.0,559.0,3.3989266547406083,2.0,60.0,20.0,1.0,43.0,96.6010733452594,28.991378028648448,40.0,22.5,3.0
fri_c0_1000_10.arff,0.011,2.0,509.0,491.0,1.0,0.4964964964964965,11.0,1000.0,49.1,2.0,90.9090909090909,9.090909090909092,1.0,2.0,50.9,0.0,9.090909090909092,2.0,10.0
fri_c2_250_10.arff,0.044,2.0,159.0,91.0,1.0,0.4819277108433735,11.0,250.0,36.4,2.0,90.9090909090909,9.090909090909092,1.0,2.0,63.6,0.0,9.090909090909092,2.0,10.0
fri_c0_500_5.arff,0.012,2.0,251.0,249.0,1.0,0.5190380761523046,6.0,500.0,49.8,2.0,83.33333333333334,16.666666666666664,1.0,2.0,50.2,0.0,16.666666666666664,2.0,5.0
fri_c4_1000_25.arff,0.026,2.0,547.0,453.0,1.0,0.5035035035035035,26.0,1000.0,45.300000000000004,2.0,96.15384615384616,3.8461538461538463,1.0,2.0,54.7,0.0,3.8461538461538463,2.0,25.0
phpmRPvKy.arff,0.011818181818181818,5.0,305.0,153.0,5.0,0.272975432211101,13.0,1100.0,13.90909090909091,2.0,61.53846153846154,15.384615384615385,2.0,5.0,27.727272727272727,1.224744871391589,38.46153846153847,3.0,8.0
php0iVrYT.arff,0.0066844919786096255,2.0,570.0,178.0,1.0,0.7309236947791165,5.0,748.0,23.796791443850267,2.0,80.0,20.0,1.0,2.0,76.20320855614973,0.0,20.0,2.0,4.0
phpt5wsw7.arff,0.009642857142857142,5.0,1632.0,31.0,21.0,0.4294390853876384,27.0,2800.0,1.107142857142857,2.0,22.22222222222222,74.07407407407408,20.0,5.0,58.285714285714285,0.6546536707079771,77.77777777777779,2.142857142857143,6.0
fri_c0_250_25.arff,0.104,2.0,126.0,124.0,1.0,0.4899598393574297,26.0,250.0,49.6,2.0,96.15384615384616,3.8461538461538463,1.0,2.0,50.4,0.0,3.8461538461538463,2.0,25.0
phputZAUn.arff,0.05466666666666667,8.0,165.0,57.0,4.0,0.17222963951935916,41.0,750.0,7.6,2.0,90.2439024390244,4.878048780487805,2.0,8.0,22.0,2.8722813232690143,9.75609756097561,3.75,37.0
fri_c3_500_10.arff,0.022,2.0,272.0,228.0,1.0,0.501002004008016,11.0,500.0,45.6,2.0,90.9090909090909,9.090909090909092,1.0,2.0,54.400000000000006,0.0,9.090909090909092,2.0,10.0
php44ZCDh.arff,0.7777777777777778,3.0,72.0,21.0,1.0,0.8017241379310345,91.0,117.0,17.94871794871795,3.0,98.9010989010989,0.0,0.0,3.0,61.53846153846154,0.0,1.098901098901099,3.0,90.0
bank8FM.arff,0.0010986328125,2.0,4885.0,3307.0,1.0,0.5115370528628983,9.0,8192.0,40.36865234375,2.0,88.88888888888889,11.11111111111111,1.0,2.0,59.63134765625,0.0,11.11111111111111,2.0,8.0
php4ylQmK.arff,0.11794871794871795,2.0,147.0,48.0,1.0,0.9536082474226805,23.0,195.0,24.615384615384617,2.0,95.65217391304348,4.3478260869565215,1.0,2.0,75.38461538461539,0.0,4.3478260869565215,2.0,22.0
GAMETES_Heterogeneity_20atts_1600_Het_04_02_50_EDM-2_001.arff,0.013125,2.0,800.0,800.0,21.0,0.9993746091307066,21.0,1600.0,50.0,2.0,0.0,9.523809523809524,2.0,3.0,50.0,0.3007926037591192,100.0,2.9047619047619047,0.0
phpSRnbqC.arff,0.07142857142857142,2.0,130.0,52.0,1.0,0.430939226519337,13.0,182.0,28.57142857142857,2.0,92.3076923076923,7.6923076923076925,1.0,2.0,71.42857142857143,0.0,7.6923076923076925,2.0,12.0
fri_c2_250_5.arff,0.024,2.0,140.0,110.0,1.0,0.5421686746987951,6.0,250.0,44.0,2.0,83.33333333333334,16.666666666666664,1.0,2.0,56.00000000000001,0.0,16.666666666666664,2.0,5.0
chscase_census6.arff,0.0175,2.0,235.0,165.0,1.0,0.5112781954887218,7.0,400.0,41.25,2.0,85.71428571428571,14.285714285714285,1.0,2.0,58.75,0.0,14.285714285714285,2.0,6.0
arsenic-male-lung.arff,0.008944543828264758,2.0,546.0,13.0,2.0,0.9982078853046595,5.0,559.0,2.3255813953488373,2.0,60.0,20.0,1.0,43.0,97.67441860465115,28.991378028648448,40.0,22.5,3.0
cpu.arff,0.03827751196172249,2.0,156.0,53.0,2.0,0.8509615384615384,8.0,209.0,25.358851674641148,2.0,75.0,12.5,1.0,30.0,74.64114832535886,19.79898987322333,25.0,16.0,6.0
fri_c0_250_5.arff,0.024,2.0,125.0,125.0,1.0,0.4899598393574297,6.0,250.0,50.0,2.0,83.33333333333334,16.666666666666664,1.0,2.0,50.0,0.0,16.666666666666664,2.0,5.0
jungle_chess_2pcs_endgame_lion_lion.arff,0.019982993197278913,2.0,1403.0,949.0,27.0,0.6146320714589536,47.0,2352.0,40.34863945578231,1.0,42.5531914893617,48.93617021276596,23.0,3.0,59.65136054421769,0.43690180920109617,57.446808510638306,1.962962962962963,20.0
phpxijhaP.arff,0.002837837837837838,2.0,3703.0,3697.0,1.0,0.488984997972699,21.0,7400.0,49.95945945945946,2.0,95.23809523809523,4.761904761904762,1.0,2.0,50.04054054054055,0.0,4.761904761904762,2.0,20.0
jungle_chess_2pcs_endgame_elephant_elephant.arff,0.01999149298170991,2.0,1316.0,1035.0,27.0,0.4787234042553192,47.0,2351.0,44.02381965121225,1.0,42.5531914893617,48.93617021276596,23.0,3.0,55.97618034878775,0.5063696835418333,57.446808510638306,1.8888888888888888,20.0
phpMA6vVZ.arff,0.0012300123001230013,5.0,2952.0,58.0,1.0,0.9480159950784374,4.0,3252.0,1.7835178351783518,5.0,75.0,0.0,0.0,5.0,90.7749077490775,0.0,25.0,5.0,3.0
file27543e702e3f.arff,0.1315345699831366,2.0,404.0,189.0,6.0,0.5608108108108109,78.0,593.0,31.871838111298484,2.0,92.3076923076923,7.6923076923076925,6.0,2.0,68.12816188870153,0.0,7.6923076923076925,2.0,72.0
rabe_266.arff,0.025,2.0,63.0,57.0,1.0,0.8403361344537815,3.0,120.0,47.5,2.0,66.66666666666666,33.33333333333333,1.0,2.0,52.5,0.0,33.33333333333333,2.0,2.0
GAMETES_Epistasis_2-Way_20atts_04H_EDM-1_1.arff,0.013125,2.0,800.0,800.0,21.0,0.9993746091307066,21.0,1600.0,50.0,2.0,0.0,14.285714285714285,3.0,3.0,50.0,0.35856858280031817,100.0,2.857142857142857,0.0
kc1-top5.arff,0.6551724137931034,2.0,137.0,8.0,1.0,0.9097222222222222,95.0,145.0,5.517241379310345,2.0,98.94736842105263,1.0526315789473684,1.0,2.0,94.48275862068965,0.0,1.0526315789473684,2.0,94.0
pc3.arff,0.02431222008957134,2.0,1403.0,160.0,1.0,0.8143405889884763,38.0,1563.0,10.236724248240563,2.0,97.36842105263158,2.631578947368421,1.0,2.0,89.76327575175944,0.0,2.631578947368421,2.0,37.0
space_ga.arff,0.002252977148374638,2.0,1566.0,1541.0,1.0,0.8876368319381842,7.0,3107.0,49.59768265207596,2.0,85.71428571428571,14.285714285714285,1.0,2.0,50.40231734792404,0.0,14.285714285714285,2.0,6.0
phpAmSP4g.arff,0.054481546572934976,2.0,357.0,212.0,1.0,0.625,31.0,569.0,37.258347978910365,2.0,96.7741935483871,3.225806451612903,1.0,2.0,62.741652021089635,0.0,3.225806451612903,2.0,30.0
phps53v4E.arff,0.1162079510703364,2.0,285.0,42.0,1.0,0.7668711656441718,38.0,327.0,12.844036697247708,2.0,97.36842105263158,2.631578947368421,1.0,2.0,87.1559633027523,0.0,2.631578947368421,2.0,37.0
analcatdata_apnea1.arff,0.008421052631578947,2.0,414.0,61.0,3.0,0.7974683544303798,4.0,475.0,12.842105263157894,2.0,25.0,25.0,1.0,5.0,87.1578947368421,1.7320508075688772,75.0,4.0,1.0
calendarDOW.arff,0.08270676691729323,5.0,96.0,44.0,21.0,0.3869346733668342,33.0,399.0,11.027568922305765,2.0,36.36363636363637,6.0606060606060606,2.0,10.0,24.06015037593985,2.5279391192186944,63.63636363636363,5.904761904761905,12.0
chscase_census4.arff,0.02,2.0,206.0,194.0,1.0,0.5037593984962406,8.0,400.0,48.5,2.0,87.5,12.5,1.0,2.0,51.5,0.0,12.5,2.0,7.0
dataset_16_mfeat-karhunen.arff,0.0325,10.0,200.0,200.0,1.0,0.9954977488744372,65.0,2000.0,10.0,10.0,98.46153846153847,0.0,0.0,10.0,10.0,0.0,1.5384615384615385,10.0,64.0
stock.arff,0.010526315789473684,2.0,488.0,462.0,1.0,0.9683877766069547,10.0,950.0,48.63157894736842,2.0,90.0,10.0,1.0,2.0,51.368421052631575,0.0,10.0,2.0,9.0
phpdYYRrH.arff,4.6221400508435407E-4,5.0,8163.0,56.0,1.0,0.9661389113602219,4.0,8654.0,0.6470996071180957,5.0,75.0,0.0,0.0,5.0,94.32632308758956,0.0,25.0,5.0,3.0
dataset_185_yeast.arff,0.006064690026954178,10.0,463.0,5.0,1.0,0.5165205664194201,9.0,1484.0,0.3369272237196766,10.0,88.88888888888889,0.0,0.0,10.0,31.19946091644205,0.0,11.11111111111111,10.0,8.0
analcatdata_boxing2.arff,0.030303030303030304,2.0,71.0,61.0,4.0,0.48854961832061067,4.0,132.0,46.21212121212121,2.0,0.0,50.0,2.0,12.0,53.78787878787878,5.5,100.0,6.75,0.0
phpqJqmHb.arff,0.009642857142857142,5.0,1632.0,31.0,21.0,0.4294390853876384,27.0,2800.0,1.107142857142857,2.0,22.22222222222222,74.07407407407408,20.0,5.0,58.285714285714285,0.6546536707079771,77.77777777777779,2.142857142857143,6.0
fri_c4_100_25.arff,0.26,2.0,54.0,46.0,1.0,0.494949494949495,26.0,100.0,46.0,2.0,96.15384615384616,3.8461538461538463,1.0,2.0,54.0,0.0,3.8461538461538463,2.0,25.0
new-thyroid.arff,0.027906976744186046,3.0,150.0,30.0,1.0,0.9906542056074766,6.0,215.0,13.953488372093023,3.0,83.33333333333334,0.0,0.0,3.0,69.76744186046511,0.0,16.666666666666664,3.0,5.0
php36OOGo.arff,0.003703703703703704,5.0,984.0,8.0,1.0,0.9499536607970342,4.0,1080.0,0.7407407407407408,5.0,75.0,0.0,0.0,5.0,91.11111111111111,0.0,25.0,5.0,3.0
fri_c4_250_50.arff,0.204,2.0,135.0,115.0,1.0,0.5502008032128514,51.0,250.0,46.0,2.0,98.0392156862745,1.9607843137254901,1.0,2.0,54.0,0.0,1.9607843137254901,2.0,50.0
phpwRjVjk.arff,5.660377358490566E-4,2.0,2924.0,2376.0,1.0,0.49367805246272883,3.0,5300.0,44.83018867924528,2.0,66.66666666666666,33.33333333333333,1.0,2.0,55.16981132075471,0.0,33.33333333333333,2.0,2.0
jungle_chess_2pcs_endgame_panther_elephant.arff,0.009991496598639456,3.0,2495.0,195.0,27.0,0.7928981501169466,47.0,4704.0,4.145408163265306,1.0,42.5531914893617,48.93617021276596,23.0,3.0,53.039965986394556,0.5175000172041234,57.446808510638306,1.962962962962963,20.0
backache.arff,0.18333333333333332,2.0,155.0,25.0,27.0,0.7318435754189944,33.0,180.0,13.88888888888889,2.0,18.181818181818183,69.6969696969697,23.0,10.0,86.11111111111111,1.9575262021001987,81.81818181818183,2.7037037037037033,6.0
fri_c3_100_50.arff,0.51,2.0,62.0,38.0,1.0,0.5757575757575758,51.0,100.0,38.0,2.0,98.0392156862745,1.9607843137254901,1.0,2.0,62.0,0.0,1.9607843137254901,2.0,50.0
fri_c0_1000_5.arff,0.006,2.0,503.0,497.0,1.0,0.4924924924924925,6.0,1000.0,49.7,2.0,83.33333333333334,16.666666666666664,1.0,2.0,50.3,0.0,16.666666666666664,2.0,5.0
phpzRazXx.arff,0.035283194057567316,2.0,943.0,134.0,1.0,0.7695167286245354,38.0,1077.0,12.44196843082637,2.0,97.36842105263158,2.631578947368421,1.0,2.0,87.55803156917364,0.0,2.631578947368421,2.0,37.0
phpGUrE90.arff,0.03981042654028436,2.0,699.0,356.0,1.0,0.9971537001897534,42.0,1055.0,33.74407582938389,2.0,97.61904761904762,2.380952380952381,1.0,2.0,66.25592417061611,0.0,2.380952380952381,2.0,41.0
chscase_census3.arff,0.02,2.0,208.0,192.0,1.0,0.5137844611528822,8.0,400.0,48.0,2.0,87.5,12.5,1.0,2.0,52.0,0.0,12.5,2.0,7.0
fri_c1_250_50.arff,0.204,2.0,137.0,113.0,1.0,0.46586345381526106,51.0,250.0,45.2,2.0,98.0392156862745,1.9607843137254901,1.0,2.0,54.800000000000004,0.0,1.9607843137254901,2.0,50.0
analcatdata_dmft.arff,0.006273525721455458,6.0,155.0,123.0,5.0,0.9937185929648241,5.0,797.0,15.432873274780427,2.0,0.0,20.0,1.0,9.0,19.44792973651192,2.8809720581775866,100.0,5.4,0.0
ar6.arff,0.297029702970297,2.0,86.0,15.0,1.0,0.82,30.0,101.0,14.85148514851485,2.0,96.66666666666667,3.3333333333333335,1.0,2.0,85.14851485148515,0.0,3.3333333333333335,2.0,29.0
allbp.arff,0.007953340402969246,3.0,3609.0,14.0,24.0,0.9185892336250332,30.0,3772.0,0.3711558854718982,1.0,20.0,63.33333333333333,19.0,5.0,95.67868504772005,0.7408866603457379,80.0,2.125,6.0
machine_cpu.arff,0.03349282296650718,2.0,153.0,56.0,1.0,0.8125,7.0,209.0,26.794258373205743,2.0,85.71428571428571,14.285714285714285,1.0,2.0,73.20574162679426,0.0,14.285714285714285,2.0,6.0
analcatdata_creditscore.arff,0.07,2.0,73.0,27.0,4.0,0.6161616161616161,7.0,100.0,27.0,2.0,42.857142857142854,42.857142857142854,3.0,6.0,73.0,2.0,57.14285714285714,3.0,3.0
php5Gjqcb.arff,0.09433962264150944,4.0,49.0,14.0,1.0,0.9714285714285714,10.0,106.0,13.20754716981132,4.0,90.0,0.0,0.0,4.0,46.22641509433962,0.0,10.0,4.0,9.0
php50jXam.arff,0.0036443148688046646,2.0,762.0,610.0,1.0,0.9992706053975201,5.0,1372.0,44.460641399416915,2.0,80.0,20.0,1.0,2.0,55.539358600583085,0.0,20.0,2.0,4.0
analcatdata_apnea3.arff,0.008888888888888889,2.0,395.0,55.0,3.0,0.8240534521158129,4.0,450.0,12.222222222222221,2.0,25.0,25.0,1.0,5.0,87.77777777777777,1.7320508075688772,75.0,4.0,1.0
fri_c3_250_10.arff,0.044,2.0,135.0,115.0,1.0,0.4899598393574297,11.0,250.0,46.0,2.0,90.9090909090909,9.090909090909092,1.0,2.0,54.0,0.0,9.090909090909092,2.0,10.0
sleuth_case2002.arff,0.047619047619047616,2.0,78.0,69.0,5.0,0.5136986301369864,7.0,147.0,46.93877551020408,2.0,28.57142857142857,71.42857142857143,5.0,2.0,53.06122448979592,0.0,71.42857142857143,2.0,2.0
phplN67dW.arff,0.12837837837837837,2.0,258.0,38.0,1.0,0.7898305084745763,38.0,296.0,12.837837837837837,2.0,97.36842105263158,2.631578947368421,1.0,2.0,87.16216216216216,0.0,2.631578947368421,2.0,37.0
auto_price.arff,0.10062893081761007,2.0,105.0,54.0,2.0,0.8734177215189873,16.0,159.0,33.9622641509434,2.0,87.5,6.25,1.0,6.0,66.0377358490566,2.8284271247461903,12.5,4.0,14.0
fri_c2_500_25.arff,0.052,2.0,304.0,196.0,1.0,0.48897795591182364,26.0,500.0,39.2,2.0,96.15384615384616,3.8461538461538463,1.0,2.0,60.8,0.0,3.8461538461538463,2.0,25.0
chscase_vine2.arff,0.00641025641025641,2.0,256.0,212.0,1.0,0.8629550321199143,3.0,468.0,45.2991452991453,2.0,66.66666666666666,33.33333333333333,1.0,2.0,54.700854700854705,0.0,33.33333333333333,2.0,2.0
php2PPvrr.arff,0.009642857142857142,5.0,1632.0,31.0,21.0,0.4294390853876384,27.0,2800.0,1.107142857142857,2.0,22.22222222222222,74.07407407407408,20.0,5.0,58.285714285714285,0.6546536707079771,77.77777777777779,2.142857142857143,6.0
chatfield_4.arff,0.05531914893617021,2.0,142.0,93.0,1.0,0.7735042735042735,13.0,235.0,39.57446808510638,2.0,92.3076923076923,7.6923076923076925,1.0,2.0,60.42553191489362,0.0,7.6923076923076925,2.0,12.0
pc4.arff,0.02606310013717421,2.0,1280.0,178.0,1.0,0.7803706245710363,38.0,1458.0,12.208504801097392,2.0,97.36842105263158,2.631578947368421,1.0,2.0,87.79149519890261,0.0,2.631578947368421,2.0,37.0
phpYLeydd.arff,0.003342449103615922,5.0,2950.0,998.0,1.0,0.960595623987034,33.0,9873.0,10.108376380026336,5.0,96.96969696969697,0.0,0.0,5.0,29.87946925959688,0.0,3.0303030303030303,5.0,32.0
phpnYQXoc.arff,0.05806451612903226,4.0,49.0,19.0,7.0,0.35064935064935066,9.0,155.0,12.258064516129032,3.0,22.22222222222222,0.0,0.0,21.0,31.61290322580645,6.309478885734051,77.77777777777779,7.142857142857143,2.0
dataset_28_optdigits.arff,0.011565836298932384,10.0,572.0,554.0,1.0,0.09254315714539954,65.0,5620.0,9.857651245551601,10.0,98.46153846153847,0.0,0.0,10.0,10.177935943060499,0.0,1.5384615384615385,10.0,64.0
fri_c0_100_50.arff,0.51,2.0,51.0,49.0,1.0,0.5454545454545454,51.0,100.0,49.0,2.0,98.0392156862745,1.9607843137254901,1.0,2.0,51.0,0.0,1.9607843137254901,2.0,50.0
prnn_synth.arff,0.012,2.0,125.0,125.0,1.0,0.9959839357429718,3.0,250.0,50.0,2.0,66.66666666666666,33.33333333333333,1.0,2.0,50.0,0.0,33.33333333333333,2.0,2.0
GAMETES_Epistasis_2-Way_20atts_01H_EDM-1_1.arff,0.013125,2.0,800.0,800.0,21.0,0.9993746091307066,21.0,1600.0,50.0,2.0,0.0,4.761904761904762,1.0,3.0,50.0,0.21821789023599236,100.0,2.9523809523809526,0.0
xd6.arff,0.010277492291880781,2.0,651.0,322.0,10.0,0.5853909465020576,10.0,973.0,33.093525179856115,2.0,0.0,100.0,10.0,2.0,66.90647482014388,0.0,100.0,2.0,0.0
fri_c3_250_5.arff,0.024,2.0,141.0,109.0,1.0,0.5783132530120482,6.0,250.0,43.6,2.0,83.33333333333334,16.666666666666664,1.0,2.0,56.39999999999999,0.0,16.666666666666664,2.0,5.0
dataset_43_haberman.arff,0.013071895424836602,2.0,225.0,81.0,2.0,0.7868852459016393,4.0,306.0,26.47058823529412,2.0,50.0,25.0,1.0,12.0,73.52941176470588,7.0710678118654755,50.0,7.0,2.0
phpajta2z.arff,0.3252032520325203,2.0,107.0,16.0,1.0,0.8114754098360656,40.0,123.0,13.008130081300814,2.0,97.5,2.5,1.0,2.0,86.99186991869918,0.0,2.5,2.0,39.0
fri_c1_500_5.arff,0.012,2.0,267.0,233.0,1.0,0.5290581162324649,6.0,500.0,46.6,2.0,83.33333333333334,16.666666666666664,1.0,2.0,53.400000000000006,0.0,16.666666666666664,2.0,5.0
fri_c4_100_10.arff,0.11,2.0,53.0,47.0,1.0,0.43434343434343436,11.0,100.0,47.0,2.0,90.9090909090909,9.090909090909092,1.0,2.0,53.0,0.0,9.090909090909092,2.0,10.0
phpPrh7lv.arff,0.0380952380952381,3.0,70.0,70.0,1.0,0.9904306220095693,8.0,210.0,33.33333333333333,3.0,87.5,0.0,0.0,3.0,33.33333333333333,0.0,12.5,3.0,7.0
flags.arff,0.15463917525773196,8.0,69.0,1.0,28.0,0.24870466321243523,30.0,194.0,0.5154639175257731,2.0,6.666666666666667,43.333333333333336,13.0,194.0,35.56701030927835,35.94587347813127,93.33333333333333,11.428571428571432,2.0
led7.arff,0.0025,10.0,341.0,270.0,8.0,0.9690528290090653,8.0,3200.0,8.4375,2.0,0.0,87.5,7.0,10.0,10.65625,2.8284271247461903,100.0,3.0,0.0
socmob.arff,0.005190311418685121,2.0,900.0,256.0,5.0,0.8865800865800866,6.0,1156.0,22.145328719723185,2.0,16.666666666666664,50.0,3.0,17.0,77.85467128027682,8.215838362577491,83.33333333333334,8.0,1.0
phpJ1rDu3.arff,0.058333333333333334,2.0,61.0,59.0,6.0,0.5630252100840336,7.0,120.0,49.166666666666664,2.0,14.285714285714285,85.71428571428571,6.0,2.0,50.83333333333333,0.0,85.71428571428571,2.0,1.0
phpqIHGYm.arff,0.0031323414252153485,5.0,1170.0,9.0,1.0,0.9561128526645768,4.0,1277.0,0.7047768206734534,5.0,75.0,0.0,0.0,5.0,91.62098668754895,0.0,25.0,5.0,3.0
synthetic_control.arff,0.10333333333333333,6.0,100.0,100.0,2.0,0.991652754590985,62.0,600.0,16.666666666666664,6.0,96.7741935483871,0.0,0.0,600.0,16.666666666666664,420.0214280248092,3.225806451612903,303.0,60.0
ar1.arff,0.24793388429752067,2.0,112.0,9.0,1.0,0.875,30.0,121.0,7.43801652892562,2.0,96.66666666666667,3.3333333333333335,1.0,2.0,92.56198347107438,0.0,3.3333333333333335,2.0,29.0
quake.arff,0.0018365472910927456,2.0,1209.0,969.0,1.0,0.5117133670188333,4.0,2178.0,44.490358126721766,2.0,75.0,25.0,1.0,2.0,55.509641873278234,0.0,25.0,2.0,3.0
phpMjNRWy.arff,0.041,8.0,240.0,89.0,4.0,0.13213213213213212,41.0,1000.0,8.9,2.0,90.2439024390244,4.878048780487805,2.0,8.0,24.0,2.8722813232690143,9.75609756097561,3.75,37.0
php7KLval.arff,0.021,2.0,741.0,259.0,1.0,0.6216216216216216,21.0,1000.0,25.900000000000002,2.0,95.23809523809523,4.761904761904762,1.0,2.0,74.1,0.0,4.761904761904762,2.0,20.0
analcatdata_vineyard.arff,0.008547008547008548,2.0,260.0,208.0,2.0,0.8501070663811563,4.0,468.0,44.44444444444444,2.0,50.0,25.0,1.0,9.0,55.55555555555556,4.949747468305833,50.0,5.5,2.0
fri_c1_100_10.arff,0.11,2.0,53.0,47.0,1.0,0.5050505050505051,11.0,100.0,47.0,2.0,90.9090909090909,9.090909090909092,1.0,2.0,53.0,0.0,9.090909090909092,2.0,10.0
fri_c2_100_10.arff,0.11,2.0,55.0,45.0,1.0,0.5050505050505051,11.0,100.0,45.0,2.0,90.9090909090909,9.090909090909092,1.0,2.0,55.00000000000001,0.0,9.090909090909092,2.0,10.0
allrep.arff,0.007953340402969246,4.0,3648.0,34.0,24.0,0.9368867674356934,30.0,3772.0,0.9013785790031814,1.0,20.0,63.33333333333333,19.0,5.0,96.71261930010604,0.816496580927726,80.0,2.1666666666666665,6.0
corral.arff,0.04375,2.0,90.0,70.0,7.0,0.8553459119496856,7.0,160.0,43.75,2.0,0.0,100.0,7.0,2.0,56.25,0.0,100.0,2.0,0.0
fri_c1_500_25.arff,0.052,2.0,267.0,233.0,1.0,0.4969939879759519,26.0,500.0,46.6,2.0,96.15384615384616,3.8461538461538463,1.0,2.0,53.400000000000006,0.0,3.8461538461538463,2.0,25.0
fri_c2_500_50.arff,0.102,2.0,295.0,205.0,1.0,0.5170340681362725,51.0,500.0,41.0,2.0,98.0392156862745,1.9607843137254901,1.0,2.0,59.0,0.0,1.9607843137254901,2.0,50.0
analcatdata_authorship.arff,0.08442330558858502,4.0,317.0,55.0,1.0,0.9964285714285714,71.0,841.0,6.539833531510107,4.0,98.59154929577466,0.0,0.0,4.0,37.69322235434007,0.0,1.4084507042253522,4.0,70.0
dataset_18_mfeat-morphological.arff,0.0035,10.0,200.0,200.0,1.0,0.9954977488744372,7.0,2000.0,10.0,10.0,85.71428571428571,0.0,0.0,10.0,10.0,0.0,14.285714285714285,10.0,6.0
boston_corrected.arff,0.041501976284584984,2.0,283.0,223.0,4.0,0.805940594059406,21.0,506.0,44.07114624505929,2.0,80.95238095238095,9.523809523809524,2.0,92.0,55.92885375494071,43.957365708149524,19.047619047619047,26.25,17.0
fri_c0_100_5.arff,0.06,2.0,54.0,46.0,1.0,0.5656565656565656,6.0,100.0,46.0,2.0,83.33333333333334,16.666666666666664,1.0,2.0,54.0,0.0,16.666666666666664,2.0,5.0
fri_c3_250_25.arff,0.104,2.0,139.0,111.0,1.0,0.5261044176706827,26.0,250.0,44.4,2.0,96.15384615384616,3.8461538461538463,1.0,2.0,55.60000000000001,0.0,3.8461538461538463,2.0,25.0
fri_c1_1000_10.arff,0.011,2.0,564.0,436.0,1.0,0.5135135135135135,11.0,1000.0,43.6,2.0,90.9090909090909,9.090909090909092,1.0,2.0,56.39999999999999,0.0,9.090909090909092,2.0,10.0
phpOJxGL9.arff,0.018867924528301886,2.0,416.0,167.0,2.0,0.6134020618556701,11.0,583.0,28.644939965694682,2.0,81.81818181818183,18.181818181818183,2.0,2.0,71.35506003430532,0.0,18.181818181818183,2.0,9.0
fri_c3_500_25.arff,0.052,2.0,280.0,220.0,1.0,0.4849699398797595,26.0,500.0,44.0,2.0,96.15384615384616,3.8461538461538463,1.0,2.0,56.00000000000001,0.0,3.8461538461538463,2.0,25.0
phpeCbcLC.arff,0.018571428571428572,3.0,245.0,214.0,5.0,0.3361945636623748,13.0,700.0,30.571428571428573,2.0,61.53846153846154,15.384615384615385,2.0,3.0,35.0,0.5477225575051661,38.46153846153847,2.6,8.0
phpZvTVNJ.arff,4.308023694130318E-4,5.0,8771.0,58.0,1.0,0.9680094786729858,4.0,9285.0,0.624663435648896,5.0,75.0,0.0,0.0,5.0,94.46418955304254,0.0,25.0,5.0,3.0
pm10.arff,0.016,2.0,254.0,246.0,1.0,0.5170340681362725,8.0,500.0,49.2,2.0,87.5,12.5,1.0,2.0,50.8,0.0,12.5,2.0,7.0
mc1.arff,0.004120008451299387,2.0,9398.0,68.0,1.0,0.9856312731114633,39.0,9466.0,0.7183604479188676,2.0,97.43589743589743,2.564102564102564,1.0,2.0,99.28163955208113,0.0,2.564102564102564,2.0,38.0
fri_c2_100_50.arff,0.51,2.0,58.0,42.0,1.0,0.5959595959595959,51.0,100.0,42.0,2.0,98.0392156862745,1.9607843137254901,1.0,2.0,57.99999999999999,0.0,1.9607843137254901,2.0,50.0
balloon.arff,0.0014992503748125937,2.0,1519.0,482.0,1.0,0.834,3.0,2001.0,24.087956021989005,2.0,66.66666666666666,33.33333333333333,1.0,2.0,75.91204397801098,0.0,33.33333333333333,2.0,2.0
phpgNaXZe.arff,0.021645021645021644,2.0,302.0,160.0,2.0,0.561822125813449,10.0,462.0,34.63203463203463,2.0,80.0,20.0,2.0,2.0,65.36796536796537,0.0,20.0,2.0,8.0
transplant.arff,0.030534351145038167,2.0,83.0,48.0,1.0,0.9923076923076923,4.0,131.0,36.6412213740458,2.0,75.0,25.0,1.0,2.0,63.358778625954194,0.0,25.0,2.0,3.0
phpHJ9e9n.arff,0.0026298487836949377,5.0,1369.0,29.0,1.0,0.944078947368421,4.0,1521.0,1.9066403681788298,5.0,75.0,0.0,0.0,5.0,90.00657462195923,0.0,25.0,5.0,3.0
fri_c3_1000_10.arff,0.011,2.0,560.0,440.0,1.0,0.5085085085085085,11.0,1000.0,44.0,2.0,90.9090909090909,9.090909090909092,1.0,2.0,56.00000000000001,0.0,9.090909090909092,2.0,10.0
kc2.arff,0.0421455938697318,2.0,415.0,107.0,1.0,0.9942418426103646,22.0,522.0,20.49808429118774,2.0,95.45454545454545,4.545454545454546,1.0,2.0,79.50191570881226,0.0,4.545454545454546,2.0,21.0
fri_c0_500_25.arff,0.052,2.0,255.0,245.0,1.0,0.5150300601202404,26.0,500.0,49.0,2.0,96.15384615384616,3.8461538461538463,1.0,2.0,51.0,0.0,3.8461538461538463,2.0,25.0
pc1.arff,0.019837691614066726,2.0,1032.0,77.0,1.0,0.9981949458483754,22.0,1109.0,6.943192064923355,2.0,95.45454545454545,4.545454545454546,1.0,2.0,93.05680793507665,0.0,4.545454545454546,2.0,21.0
teachingAssistant.arff,0.046357615894039736,3.0,52.0,49.0,5.0,0.9266666666666666,7.0,151.0,32.450331125827816,2.0,28.57142857142857,28.57142857142857,2.0,26.0,34.437086092715234,12.700393694685216,71.42857142857143,11.6,2.0
arsenic-male-bladder.arff,0.008944543828264758,2.0,535.0,24.0,2.0,0.9623655913978495,5.0,559.0,4.293381037567084,2.0,60.0,20.0,1.0,43.0,95.70661896243293,28.991378028648448,40.0,22.5,3.0
cpu_act.arff,0.002685546875,2.0,5715.0,2477.0,1.0,0.569893785862532,22.0,8192.0,30.23681640625,2.0,95.45454545454545,4.545454545454546,1.0,2.0,69.76318359375,0.0,4.545454545454546,2.0,21.0
chscase_census5.arff,0.02,2.0,207.0,193.0,1.0,0.5037593984962406,8.0,400.0,48.25,2.0,87.5,12.5,1.0,2.0,51.74999999999999,0.0,12.5,2.0,7.0
phpSj3fWL.arff,0.016,10.0,57.0,37.0,1.0,0.7214428857715431,8.0,500.0,7.3999999999999995,10.0,87.5,0.0,0.0,10.0,11.4,0.0,12.5,10.0,7.0
phpRql5hp.arff,0.03125,3.0,65.0,31.0,1.0,0.4088050314465409,5.0,160.0,19.375,3.0,80.0,0.0,0.0,3.0,40.625,0.0,20.0,3.0,4.0
dataset_23_cmc.arff,0.006788866259334691,3.0,629.0,333.0,8.0,0.9966032608695652,10.0,1473.0,22.606924643584524,2.0,20.0,30.0,3.0,4.0,42.701968771215206,0.9910312089651149,80.0,3.125,2.0
fri_c3_100_10.arff,0.11,2.0,60.0,40.0,1.0,0.5050505050505051,11.0,100.0,40.0,2.0,90.9090909090909,9.090909090909092,1.0,2.0,60.0,0.0,9.090909090909092,2.0,10.0
cleve.arff,0.0462046204620462,2.0,165.0,138.0,9.0,0.9370860927152318,14.0,303.0,45.54455445544555,2.0,35.714285714285715,28.57142857142857,4.0,5.0,54.45544554455446,1.118033988749895,64.28571428571429,3.0,5.0
humandevel.arff,0.03076923076923077,2.0,65.0,65.0,2.0,0.8682170542635659,4.0,130.0,50.0,2.0,50.0,25.0,1.0,130.0,50.0,90.50966799187809,50.0,66.0,2.0
php8Mz7BG.arff,0.0011102886750555144,2.0,3818.0,1586.0,1.0,0.5918933925596891,6.0,5404.0,29.348630643967432,2.0,83.33333333333334,16.666666666666664,1.0,2.0,70.65136935603256,0.0,16.666666666666664,2.0,5.0
pc2.arff,0.006620146716765074,2.0,5566.0,23.0,1.0,0.9917680744452398,37.0,5589.0,0.411522633744856,2.0,97.2972972972973,2.7027027027027026,1.0,2.0,99.58847736625515,0.0,2.7027027027027026,2.0,36.0
GAMETES_Heterogeneity_20atts_1600_Het_04_02_75_EDM-2_001.arff,0.013125,2.0,800.0,800.0,21.0,0.9993746091307066,21.0,1600.0,50.0,2.0,0.0,9.523809523809524,2.0,3.0,50.0,0.3007926037591192,100.0,2.9047619047619047,0.0
php65iCJh.arff,0.10569105691056911,5.0,48.0,5.0,1.0,0.2540983606557377,13.0,123.0,4.0650406504065035,5.0,92.3076923076923,0.0,0.0,5.0,39.02439024390244,0.0,7.6923076923076925,5.0,12.0
phps1v09j.arff,0.015665796344647518,3.0,257.0,1.0,1.0,0.9554973821989529,6.0,383.0,0.26109660574412535,3.0,83.33333333333334,0.0,0.0,3.0,67.1018276762402,0.0,16.666666666666664,3.0,5.0
dataset_30_page-blocks.arff,0.0020098666179426275,5.0,4913.0,28.0,1.0,0.8733552631578947,11.0,5473.0,0.5116024118399416,5.0,90.9090909090909,0.0,0.0,5.0,89.76795176320117,0.0,9.090909090909092,5.0,10.0
fri_c2_1000_5.arff,0.006,2.0,584.0,416.0,1.0,0.4964964964964965,6.0,1000.0,41.6,2.0,83.33333333333334,16.666666666666664,1.0,2.0,58.4,0.0,16.666666666666664,2.0,5.0
cpu_small.arff,0.0015869140625,2.0,5715.0,2477.0,1.0,0.569893785862532,13.0,8192.0,30.23681640625,2.0,92.3076923076923,7.6923076923076925,1.0,2.0,69.76318359375,0.0,7.6923076923076925,2.0,12.0
phpWfYmlu.arff,0.002837837837837838,2.0,3736.0,3664.0,1.0,0.4983105825111502,21.0,7400.0,49.513513513513516,2.0,95.23809523809523,4.761904761904762,1.0,2.0,50.486486486486484,0.0,4.761904761904762,2.0,20.0
fri_c1_100_5.arff,0.06,2.0,55.0,45.0,1.0,0.5252525252525253,6.0,100.0,45.0,2.0,83.33333333333334,16.666666666666664,1.0,2.0,55.00000000000001,0.0,16.666666666666664,2.0,5.0
analcatdata_wildcat.arff,0.03680981595092025,2.0,116.0,47.0,3.0,0.9938271604938271,6.0,163.0,28.834355828220858,2.0,50.0,50.0,3.0,2.0,71.16564417177914,0.0,50.0,2.0,3.0
visualizing_galaxy.arff,0.015479876160990712,2.0,175.0,148.0,1.0,0.922360248447205,5.0,323.0,45.82043343653251,2.0,80.0,20.0,1.0,2.0,54.179566563467496,0.0,20.0,2.0,4.0
visualizing_environmental.arff,0.036036036036036036,2.0,58.0,53.0,1.0,0.5363636363636364,4.0,111.0,47.74774774774775,2.0,75.0,25.0,1.0,2.0,52.25225225225225,0.0,25.0,2.0,3.0
fri_c1_500_10.arff,0.022,2.0,274.0,226.0,1.0,0.5250501002004008,11.0,500.0,45.2,2.0,90.9090909090909,9.090909090909092,1.0,2.0,54.800000000000004,0.0,9.090909090909092,2.0,10.0
pwLinear.arff,0.055,2.0,103.0,97.0,1.0,0.4824120603015075,11.0,200.0,48.5,2.0,90.9090909090909,9.090909090909092,1.0,2.0,51.5,0.0,9.090909090909092,2.0,10.0
fri_c2_250_25.arff,0.104,2.0,139.0,111.0,1.0,0.4939759036144578,26.0,250.0,44.4,2.0,96.15384615384616,3.8461538461538463,1.0,2.0,55.60000000000001,0.0,3.8461538461538463,2.0,25.0
chscase_funds.arff,0.021621621621621623,2.0,98.0,87.0,2.0,0.5760869565217391,4.0,185.0,47.02702702702703,2.0,50.0,25.0,1.0,185.0,52.972972972972975,129.4005409571382,50.0,93.5,2.0
autoPrice.arff,0.10062893081761007,2.0,105.0,54.0,1.0,0.8734177215189873,16.0,159.0,33.9622641509434,2.0,93.75,6.25,1.0,2.0,66.0377358490566,0.0,6.25,2.0,15.0
mux6.arff,0.0546875,2.0,64.0,64.0,7.0,0.31496062992125984,7.0,128.0,50.0,2.0,0.0,100.0,7.0,2.0,50.0,0.0,100.0,2.0,0.0
phpPbCMyg.arff,0.008499509643674403,6.0,2554.0,486.0,1.0,0.3678273663560569,52.0,6118.0,7.943772474664923,6.0,98.07692307692307,0.0,0.0,6.0,41.745668519123896,0.0,1.9230769230769231,6.0,51.0
fri_c1_1000_25.arff,0.026,2.0,546.0,454.0,1.0,0.5085085085085085,26.0,1000.0,45.4,2.0,96.15384615384616,3.8461538461538463,1.0,2.0,54.6,0.0,3.8461538461538463,2.0,25.0
ar4.arff,0.2803738317757009,2.0,87.0,20.0,1.0,0.6981132075471698,30.0,107.0,18.69158878504673,2.0,96.66666666666667,3.3333333333333335,1.0,2.0,81.30841121495327,0.0,3.3333333333333335,2.0,29.0
dataset_50_tic-tac-toe.arff,0.010438413361169102,2.0,626.0,332.0,10.0,0.9989550679205852,10.0,958.0,34.65553235908142,2.0,0.0,10.0,1.0,3.0,65.34446764091858,0.31622776601683794,100.0,2.9,0.0
fri_c1_100_50.arff,0.51,2.0,56.0,44.0,1.0,0.5252525252525253,51.0,100.0,44.0,2.0,98.0392156862745,1.9607843137254901,1.0,2.0,56.00000000000001,0.0,1.9607843137254901,2.0,50.0
phpOVbLxn.arff,0.05390070921985816,2.0,644.0,61.0,1.0,0.8380681818181818,38.0,705.0,8.652482269503546,2.0,97.36842105263158,2.631578947368421,1.0,2.0,91.34751773049645,0.0,2.631578947368421,2.0,37.0
php79rYE3.arff,4.569861761681709E-4,5.0,8265.0,56.0,1.0,0.967207495429616,4.0,8753.0,0.6397806466354392,5.0,75.0,0.0,0.0,5.0,94.42476865074832,0.0,25.0,5.0,3.0
dataset_44_spambase.arff,0.012605955227124538,2.0,2788.0,1813.0,1.0,0.9997826086956522,58.0,4601.0,39.404477287546186,2.0,98.27586206896551,1.7241379310344827,1.0,2.0,60.59552271245382,0.0,1.7241379310344827,2.0,57.0
fri_c0_1000_25.arff,0.026,2.0,503.0,497.0,1.0,0.4934934934934935,26.0,1000.0,49.7,2.0,96.15384615384616,3.8461538461538463,1.0,2.0,50.3,0.0,3.8461538461538463,2.0,25.0
mofn-3-7-10.arff,0.008308157099697885,2.0,1032.0,292.0,11.0,0.6674225245653818,11.0,1324.0,22.054380664652566,2.0,0.0,100.0,11.0,2.0,77.94561933534743,0.0,100.0,2.0,0.0
phpW0AXSQ.arff,0.016933207902163686,3.0,1655.0,176.0,1.0,0.8705882352941177,36.0,2126.0,8.27845719661336,3.0,97.22222222222221,0.0,0.0,3.0,77.84571966133585,0.0,2.7777777777777777,3.0,35.0
fri_c0_100_25.arff,0.26,2.0,50.0,50.0,1.0,0.42424242424242425,26.0,100.0,50.0,2.0,96.15384615384616,3.8461538461538463,1.0,2.0,50.0,0.0,3.8461538461538463,2.0,25.0
puma8NH.arff,0.0010986328125,2.0,4114.0,4078.0,1.0,0.4924917592479551,9.0,8192.0,49.7802734375,2.0,88.88888888888889,11.11111111111111,1.0,2.0,50.2197265625,0.0,11.11111111111111,2.0,8.0
fri_c4_1000_10.arff,0.011,2.0,560.0,440.0,1.0,0.5085085085085085,11.0,1000.0,44.0,2.0,90.9090909090909,9.090909090909092,1.0,2.0,56.00000000000001,0.0,9.090909090909092,2.0,10.0
jEdit_40_42.arff,0.032846715328467155,2.0,140.0,134.0,1.0,0.6996336996336996,9.0,274.0,48.9051094890511,2.0,88.88888888888889,11.11111111111111,1.0,2.0,51.09489051094891,0.0,11.11111111111111,2.0,8.0
phpGuu4iR.arff,0.036170212765957444,2.0,400.0,70.0,14.0,0.7398720682302772,17.0,470.0,14.893617021276595,2.0,17.647058823529413,64.70588235294117,11.0,7.0,85.1063829787234,1.398586413506136,82.35294117647058,2.5714285714285716,3.0
analcatdata_seropositive.arff,0.030303030303030304,2.0,86.0,46.0,2.0,0.9465648854961832,4.0,132.0,34.84848484848485,2.0,50.0,25.0,1.0,3.0,65.15151515151516,0.7071067811865476,50.0,2.5,2.0
jungle_chess_2pcs_endgame_lion_elephant.arff,0.009991496598639456,3.0,2079.0,1216.0,27.0,0.8018286200297682,47.0,4704.0,25.850340136054424,1.0,42.5531914893617,48.93617021276596,23.0,3.0,44.19642857142857,0.43690180920109617,57.446808510638306,2.037037037037037,20.0
phpe7BPV1.arff,0.0024645717806531116,5.0,1471.0,29.0,1.0,0.9475955610357584,4.0,1623.0,1.7868145409735057,5.0,75.0,0.0,0.0,5.0,90.63462723351817,0.0,25.0,5.0,3.0
dataset_186_satimage.arff,0.0057542768273716955,6.0,1531.0,625.0,1.0,0.18743194898117904,37.0,6430.0,9.720062208398133,6.0,97.2972972972973,0.0,0.0,6.0,23.81026438569207,0.0,2.7027027027027026,6.0,36.0
phpGCUgKd.arff,0.026,5.0,192.0,43.0,5.0,0.24448897795591182,13.0,500.0,8.6,2.0,61.53846153846154,15.384615384615385,2.0,5.0,38.4,1.224744871391589,38.46153846153847,3.0,8.0
arsenic-female-bladder.arff,0.008944543828264758,2.0,479.0,80.0,2.0,0.8279569892473119,5.0,559.0,14.311270125223613,2.0,60.0,20.0,1.0,43.0,85.68872987477639,28.991378028648448,40.0,22.5,3.0
fri_c3_1000_5.arff,0.006,2.0,563.0,437.0,1.0,0.5085085085085085,6.0,1000.0,43.7,2.0,83.33333333333334,16.666666666666664,1.0,2.0,56.3,0.0,16.666666666666664,2.0,5.0
phpBwZPTw.arff,0.0037602300376023004,2.0,4000.0,521.0,10.0,0.8008849557522124,17.0,4521.0,11.523999115239992,2.0,41.17647058823529,23.52941176470588,4.0,12.0,88.47600088476001,3.9777157040470126,58.82352941176471,4.6,7.0
kc1.arff,0.010431484115694643,2.0,1783.0,326.0,1.0,0.9990512333965844,22.0,2109.0,15.457562825983878,2.0,95.45454545454545,4.545454545454546,1.0,2.0,84.54243717401611,0.0,4.545454545454546,2.0,21.0
php8VEQhA.arff,5.498533724340176E-4,4.0,2205.0,328.0,1.0,0.9275893675527039,3.0,5456.0,6.011730205278592,4.0,66.66666666666666,0.0,0.0,4.0,40.41422287390029,0.0,33.33333333333333,4.0,2.0
triazines.arff,0.3279569892473118,2.0,109.0,77.0,1.0,0.5081081081081081,61.0,186.0,41.39784946236559,2.0,98.36065573770492,1.639344262295082,1.0,2.0,58.602150537634415,0.0,1.639344262295082,2.0,60.0
dataset_22_mfeat-zernike.arff,0.024,10.0,200.0,200.0,1.0,0.9954977488744372,48.0,2000.0,10.0,10.0,97.91666666666666,0.0,0.0,10.0,10.0,0.0,2.083333333333333,10.0,47.0
churn.arff,0.0042,2.0,4293.0,707.0,5.0,0.7583516703340668,21.0,5000.0,14.14,2.0,76.19047619047619,14.285714285714285,3.0,10.0,85.86,3.492849839314596,23.809523809523807,3.8,16.0
analcatdata_lawsuit.arff,0.01893939393939394,2.0,245.0,19.0,2.0,0.9961977186311787,5.0,264.0,7.196969696969697,2.0,60.0,40.0,2.0,2.0,92.8030303030303,0.0,40.0,2.0,3.0
cloud.arff,0.07407407407407407,2.0,76.0,32.0,2.0,0.9158878504672897,8.0,108.0,29.629629629629626,2.0,75.0,25.0,2.0,2.0,70.37037037037037,0.0,25.0,2.0,6.0
fri_c1_100_25.arff,0.26,2.0,53.0,47.0,1.0,0.5555555555555556,26.0,100.0,47.0,2.0,96.15384615384616,3.8461538461538463,1.0,2.0,53.0,0.0,3.8461538461538463,2.0,25.0
phpSOw1Kl.arff,0.01488833746898263,5.0,129.0,24.0,1.0,0.22139303482587064,6.0,403.0,5.955334987593052,5.0,83.33333333333334,0.0,0.0,5.0,32.00992555831266,0.0,16.666666666666664,5.0,5.0
phposACMs.arff,0.005832449628844115,3.0,3488.0,93.0,1.0,0.8605144523998939,22.0,3772.0,2.4655355249204667,3.0,95.45454545454545,0.0,0.0,3.0,92.47083775185578,0.0,4.545454545454546,3.0,21.0
php3BOEY5.arff,0.049664429530201344,2.0,729.0,16.0,1.0,0.956989247311828,37.0,745.0,2.1476510067114094,2.0,97.2972972972973,2.7027027027027026,1.0,2.0,97.8523489932886,0.0,2.7027027027027026,2.0,36.0
bodyfat.arff,0.05952380952380952,2.0,128.0,124.0,1.0,0.5896414342629482,15.0,252.0,49.2063492063492,2.0,93.33333333333333,6.666666666666667,1.0,2.0,50.79365079365079,0.0,6.666666666666667,2.0,14.0
dis.arff,0.007953340402969246,2.0,3714.0,58.0,24.0,0.9692389286661363,30.0,3772.0,1.5376458112407212,1.0,20.0,66.66666666666666,20.0,5.0,98.46235418875928,0.7172815023567723,80.0,2.0833333333333335,6.0
phpMbJe35.arff,0.0026402640264026403,5.0,1365.0,29.0,1.0,0.9445178335535006,4.0,1515.0,1.914191419141914,5.0,75.0,0.0,0.0,5.0,90.0990099009901,0.0,25.0,5.0,3.0
kin8nm.arff,0.0010986328125,2.0,4168.0,4024.0,1.0,0.5040898547185936,9.0,8192.0,49.12109375,2.0,88.88888888888889,11.11111111111111,1.0,2.0,50.87890625,0.0,11.11111111111111,2.0,8.0
no2.arff,0.016,2.0,251.0,249.0,1.0,0.5290581162324649,8.0,500.0,49.8,2.0,87.5,12.5,1.0,2.0,50.2,0.0,12.5,2.0,7.0
phpXeun7q.arff,0.03888888888888889,2.0,494.0,46.0,1.0,0.8385899814471243,21.0,540.0,8.518518518518519,2.0,95.23809523809523,4.761904761904762,1.0,2.0,91.48148148148148,0.0,4.761904761904762,2.0,20.0
php9xWOpn.arff,0.01751674394641937,2.0,1268.0,673.0,1.0,0.9994845360824742,34.0,1941.0,34.672849046883044,2.0,97.05882352941177,2.941176470588235,1.0,2.0,65.32715095311696,0.0,2.941176470588235,2.0,33.0
rmftsa_ctoarrivals.arff,0.011363636363636364,2.0,163.0,101.0,2.0,0.8859315589353612,3.0,264.0,38.25757575757576,2.0,33.33333333333333,33.33333333333333,1.0,12.0,61.74242424242424,7.0710678118654755,66.66666666666666,7.0,1.0
disclosure_x_tampered.arff,0.006042296072507553,2.0,335.0,327.0,1.0,0.5370650529500757,4.0,662.0,49.39577039274924,2.0,75.0,25.0,1.0,2.0,50.60422960725075,0.0,25.0,2.0,3.0
servo.arff,0.029940119760479042,2.0,129.0,38.0,5.0,0.6626506024096386,5.0,167.0,22.75449101796407,2.0,0.0,20.0,1.0,5.0,77.24550898203593,1.3038404810405297,100.0,4.2,0.0
fri_c4_100_50.arff,0.51,2.0,56.0,44.0,1.0,0.494949494949495,51.0,100.0,44.0,2.0,98.0392156862745,1.9607843137254901,1.0,2.0,56.00000000000001,0.0,1.9607843137254901,2.0,50.0
fri_c4_250_10.arff,0.044,2.0,133.0,117.0,1.0,0.4859437751004016,11.0,250.0,46.800000000000004,2.0,90.9090909090909,9.090909090909092,1.0,2.0,53.2,0.0,9.090909090909092,2.0,10.0
cars1.arff,0.02040816326530612,3.0,245.0,68.0,2.0,0.49104859335038364,8.0,392.0,17.346938775510203,3.0,75.0,0.0,0.0,5.0,62.5,1.4142135623730951,25.0,4.0,6.0
parity5_plus_5.arff,0.009786476868327402,2.0,567.0,557.0,11.0,0.4772929652715939,11.0,1124.0,49.555160142348754,2.0,0.0,100.0,11.0,2.0,50.444839857651246,0.0,100.0,2.0,0.0
fri_c2_1000_25.arff,0.026,2.0,563.0,437.0,1.0,0.4984984984984985,26.0,1000.0,43.7,2.0,96.15384615384616,3.8461538461538463,1.0,2.0,56.3,0.0,3.8461538461538463,2.0,25.0
disclosure_x_noise.arff,0.006042296072507553,2.0,333.0,329.0,1.0,0.5370650529500757,4.0,662.0,49.69788519637463,2.0,75.0,25.0,1.0,2.0,50.30211480362537,0.0,25.0,2.0,3.0
phpTJRsqa.arff,0.002449979583503471,7.0,2198.0,5.0,1.0,0.4124974474167858,12.0,4898.0,0.10208248264597795,7.0,91.66666666666666,0.0,0.0,7.0,44.87545937117191,0.0,8.333333333333332,7.0,11.0
fri_c4_250_25.arff,0.104,2.0,136.0,114.0,1.0,0.5421686746987951,26.0,250.0,45.6,2.0,96.15384615384616,3.8461538461538463,1.0,2.0,54.400000000000006,0.0,3.8461538461538463,2.0,25.0
php8MUpOC.arff,4.361098996947231E-4,5.0,8670.0,56.0,1.0,0.9682695453058554,4.0,9172.0,0.6105538595726123,5.0,75.0,0.0,0.0,5.0,94.52682075883122,0.0,25.0,5.0,3.0
puma32H.arff,0.0040283203125,2.0,4128.0,4064.0,1.0,0.4971309974362105,33.0,8192.0,49.609375,2.0,96.96969696969697,3.0303030303030303,1.0,2.0,50.390625,0.0,3.0303030303030303,2.0,32.0
dataset_14_mfeat-fourier.arff,0.0385,10.0,200.0,200.0,1.0,0.9954977488744372,77.0,2000.0,10.0,10.0,98.7012987012987,0.0,0.0,10.0,10.0,0.0,1.2987012987012987,10.0,76.0
phppZkQRw.arff,0.028125,2.0,213.0,107.0,2.0,0.9968652037617555,9.0,320.0,33.4375,2.0,77.77777777777779,11.11111111111111,1.0,3.0,66.5625,0.7071067811865476,22.22222222222222,2.5,7.0
pollen.arff,0.0015592515592515593,2.0,1924.0,1924.0,1.0,0.9997400571874188,6.0,3848.0,50.0,2.0,83.33333333333334,16.666666666666664,1.0,2.0,50.0,0.0,16.666666666666664,2.0,5.0
fri_c2_1000_50.arff,0.051,2.0,582.0,418.0,1.0,0.5065065065065065,51.0,1000.0,41.8,2.0,98.0392156862745,1.9607843137254901,1.0,2.0,58.199999999999996,0.0,1.9607843137254901,2.0,50.0
phpfKh1CO.arff,0.020454545454545454,3.0,316.0,47.0,2.0,0.9908883826879271,9.0,440.0,10.681818181818182,2.0,77.77777777777779,11.11111111111111,1.0,3.0,71.81818181818181,0.7071067811865476,22.22222222222222,2.5,7.0
newton_hema.arff,0.02857142857142857,2.0,70.0,70.0,2.0,0.7482014388489209,4.0,140.0,50.0,2.0,50.0,25.0,1.0,11.0,50.0,6.363961030678928,50.0,6.5,2.0
GAMETES_Epistasis_3-Way_20atts_02H_EDM-1_1.arff,0.013125,2.0,800.0,800.0,21.0,0.9993746091307066,21.0,1600.0,50.0,2.0,0.0,4.761904761904762,1.0,3.0,50.0,0.21821789023599236,100.0,2.9523809523809526,0.0
visualizing_soil.arff,5.786367318597385E-4,2.0,4753.0,3888.0,2.0,0.9994212962962963,5.0,8641.0,44.99479226941327,2.0,60.0,40.0,2.0,2.0,55.00520773058673,0.0,40.0,2.0,3.0
fri_c1_250_5.arff,0.024,2.0,131.0,119.0,1.0,0.5180722891566265,6.0,250.0,47.599999999999994,2.0,83.33333333333334,16.666666666666664,1.0,2.0,52.400000000000006,0.0,16.666666666666664,2.0,5.0
analcatdata_michiganacc.arff,0.046296296296296294,2.0,60.0,48.0,3.0,0.6635514018691588,5.0,108.0,44.44444444444444,2.0,40.0,20.0,1.0,12.0,55.55555555555556,5.291502622129181,60.0,6.0,2.0
phpVlMenI.arff,0.003194888178913738,5.0,1144.0,9.0,1.0,0.9552358113509193,4.0,1252.0,0.7188498402555911,5.0,75.0,0.0,0.0,5.0,91.3738019169329,0.0,25.0,5.0,3.0
fri_c4_1000_50.arff,0.051,2.0,560.0,440.0,1.0,0.5415415415415415,51.0,1000.0,44.0,2.0,98.0392156862745,1.9607843137254901,1.0,2.0,56.00000000000001,0.0,1.9607843137254901,2.0,50.0
strikes.arff,0.0112,2.0,315.0,310.0,1.0,0.9839743589743589,7.0,625.0,49.6,2.0,85.71428571428571,14.285714285714285,1.0,2.0,50.4,0.0,14.285714285714285,2.0,6.0
phpjX67St.arff,0.036170212765957444,2.0,400.0,70.0,14.0,0.7398720682302772,17.0,470.0,14.893617021276595,2.0,17.647058823529413,64.70588235294117,11.0,7.0,85.1063829787234,1.398586413506136,82.35294117647058,2.5714285714285716,3.0
disclosure_z.arff,0.006042296072507553,2.0,348.0,314.0,1.0,0.5340393343419062,4.0,662.0,47.43202416918429,2.0,75.0,25.0,1.0,2.0,52.567975830815705,0.0,25.0,2.0,3.0
phpjG28NS.arff,0.15019762845849802,2.0,226.0,27.0,1.0,0.8253968253968254,38.0,253.0,10.67193675889328,2.0,97.36842105263158,2.631578947368421,1.0,2.0,89.32806324110672,0.0,2.631578947368421,2.0,37.0
sensory.arff,0.020833333333333332,2.0,337.0,239.0,12.0,0.6278260869565218,12.0,576.0,41.49305555555556,2.0,0.0,41.66666666666667,5.0,6.0,58.50694444444444,1.2673044646258476,100.0,3.1666666666666665,0.0
fri_c3_1000_25.arff,0.026,2.0,557.0,443.0,1.0,0.5355355355355356,26.0,1000.0,44.3,2.0,96.15384615384616,3.8461538461538463,1.0,2.0,55.7,0.0,3.8461538461538463,2.0,25.0
kc1-binary.arff,0.6551724137931034,2.0,85.0,60.0,1.0,0.6597222222222222,95.0,145.0,41.37931034482759,2.0,98.94736842105263,1.0526315789473684,1.0,2.0,58.620689655172406,0.0,1.0526315789473684,2.0,94.0
fri_c2_250_50.arff,0.204,2.0,137.0,113.0,1.0,0.4939759036144578,51.0,250.0,45.2,2.0,98.0392156862745,1.9607843137254901,1.0,2.0,54.800000000000004,0.0,1.9607843137254901,2.0,50.0
fri_c3_1000_50.arff,0.051,2.0,555.0,445.0,1.0,0.5135135135135135,51.0,1000.0,44.5,2.0,98.0392156862745,1.9607843137254901,1.0,2.0,55.50000000000001,0.0,1.9607843137254901,2.0,50.0
chscase_census2.arff,0.02,2.0,203.0,197.0,1.0,0.49624060150375937,8.0,400.0,49.25,2.0,87.5,12.5,1.0,2.0,50.74999999999999,0.0,12.5,2.0,7.0
phpelnJ6y.arff,0.021739130434782608,2.0,383.0,307.0,9.0,0.5195936139332366,15.0,690.0,44.492753623188406,2.0,40.0,33.33333333333333,5.0,14.0,55.507246376811594,4.14661843487491,60.0,4.222222222222222,6.0
phpy0HwUD.arff,0.07,5.0,56.0,10.0,1.0,0.22110552763819097,14.0,200.0,5.0,5.0,92.85714285714286,0.0,0.0,5.0,28.000000000000004,0.0,7.142857142857142,5.0,13.0
phpRMY11c.arff,0.0035971223021582736,5.0,1010.0,9.0,1.0,0.9504950495049505,4.0,1112.0,0.8093525179856115,5.0,75.0,0.0,0.0,5.0,90.82733812949641,0.0,25.0,5.0,3.0
analcatdata_chlamydia.arff,0.04,2.0,81.0,19.0,4.0,0.8787878787878788,4.0,100.0,19.0,2.0,0.0,50.0,2.0,10.0,81.0,3.774917217635375,100.0,4.75,0.0
phpNevWWL.arff,0.009642857142857142,5.0,1632.0,31.0,21.0,0.4294390853876384,27.0,2800.0,1.107142857142857,2.0,22.22222222222222,74.07407407407408,20.0,5.0,58.285714285714285,0.6546536707079771,77.77777777777779,2.142857142857143,6.0
rmftsa_ladata.arff,0.021653543307086614,2.0,286.0,222.0,1.0,0.747534516765286,11.0,508.0,43.7007874015748,2.0,90.9090909090909,9.090909090909092,1.0,2.0,56.2992125984252,0.0,9.090909090909092,2.0,10.0
php7E9bQN.arff,0.0364333652924257,2.0,916.0,127.0,1.0,0.7754318618042226,38.0,1043.0,12.17641418983701,2.0,97.36842105263158,2.631578947368421,1.0,2.0,87.823585810163,0.0,2.631578947368421,2.0,37.0
disclosure_x_bias.arff,0.006042296072507553,2.0,345.0,317.0,1.0,0.5370650529500757,4.0,662.0,47.88519637462236,2.0,75.0,25.0,1.0,2.0,52.11480362537765,0.0,25.0,2.0,3.0
fruitfly.arff,0.04,2.0,76.0,49.0,3.0,0.46774193548387094,5.0,125.0,39.2,2.0,40.0,20.0,1.0,3.0,60.8,0.5773502691896258,60.0,2.6666666666666665,2.0
wine-quality-red.arff,0.0075046904315197,6.0,681.0,10.0,1.0,0.44680851063829785,12.0,1599.0,0.6253908692933083,6.0,91.66666666666666,0.0,0.0,6.0,42.589118198874296,0.0,8.333333333333332,6.0,11.0
php0PPrNB.arff,4.004404845329863E-4,5.0,9599.0,26.0,1.0,0.9786744092911493,4.0,9989.0,0.2602863149464411,5.0,75.0,0.0,0.0,5.0,96.09570527580338,0.0,25.0,5.0,3.0
threeOf9.arff,0.01953125,2.0,274.0,238.0,10.0,0.4931506849315068,10.0,512.0,46.484375,2.0,0.0,100.0,10.0,2.0,53.515625,0.0,100.0,2.0,0.0
fri_c1_250_25.arff,0.104,2.0,143.0,107.0,1.0,0.5140562248995983,26.0,250.0,42.8,2.0,96.15384615384616,3.8461538461538463,1.0,2.0,57.199999999999996,0.0,3.8461538461538463,2.0,25.0
cleveland-nominal.arff,0.026402640264026403,5.0,164.0,13.0,8.0,0.36423841059602646,8.0,303.0,4.29042904290429,2.0,0.0,37.5,3.0,5.0,54.12541254125413,1.1259916264596033,100.0,3.125,0.0
phpvz1IQW.arff,0.0380952380952381,3.0,70.0,70.0,1.0,0.9904306220095693,8.0,210.0,33.33333333333333,3.0,87.5,0.0,0.0,3.0,33.33333333333333,0.0,12.5,3.0,7.0
fri_c1_500_50.arff,0.102,2.0,262.0,238.0,1.0,0.5210420841683366,51.0,500.0,47.599999999999994,2.0,98.0392156862745,1.9607843137254901,1.0,2.0,52.400000000000006,0.0,1.9607843137254901,2.0,50.0
housing.arff,0.02766798418972332,2.0,297.0,209.0,2.0,0.8,14.0,506.0,41.30434782608695,2.0,85.71428571428571,14.285714285714285,2.0,2.0,58.69565217391305,0.0,14.285714285714285,2.0,12.0
fri_c2_100_25.arff,0.26,2.0,57.0,43.0,1.0,0.42424242424242425,26.0,100.0,43.0,2.0,96.15384615384616,3.8461538461538463,1.0,2.0,56.99999999999999,0.0,3.8461538461538463,2.0,25.0
fri_c0_500_10.arff,0.022,2.0,259.0,241.0,1.0,0.5070140280561122,11.0,500.0,48.199999999999996,2.0,90.9090909090909,9.090909090909092,1.0,2.0,51.800000000000004,0.0,9.090909090909092,2.0,10.0
dataset_39_ecoli.arff,0.023809523809523808,8.0,143.0,2.0,1.0,0.9791044776119403,8.0,336.0,0.5952380952380952,8.0,87.5,0.0,0.0,8.0,42.55952380952381,0.0,12.5,8.0,7.0
fri_c3_500_50.arff,0.102,2.0,282.0,218.0,1.0,0.4969939879759519,51.0,500.0,43.6,2.0,98.0392156862745,1.9607843137254901,1.0,2.0,56.39999999999999,0.0,1.9607843137254901,2.0,50.0
jungle_chess_2pcs_endgame_rat_rat.arff,0.012841530054644808,2.0,2055.0,1605.0,27.0,0.49494397376332333,47.0,3660.0,43.85245901639344,1.0,42.5531914893617,48.93617021276596,23.0,3.0,56.14754098360656,0.4369018092010962,57.446808510638306,1.962962962962963,20.0
phpTnMBH4.arff,0.20618556701030927,2.0,158.0,36.0,1.0,0.7150259067357513,40.0,194.0,18.556701030927837,2.0,97.5,2.5,1.0,2.0,81.44329896907216,0.0,2.5,2.0,39.0
mc2.arff,0.2484472049689441,2.0,109.0,52.0,1.0,0.5625,40.0,161.0,32.298136645962735,2.0,97.5,2.5,1.0,2.0,67.70186335403726,0.0,2.5,2.0,39.0
car.arff,0.004050925925925926,2.0,1210.0,518.0,7.0,0.6543138390272148,7.0,1728.0,29.976851851851855,2.0,0.0,14.285714285714285,1.0,4.0,70.02314814814815,0.7559289460184544,100.0,3.2857142857142856,0.0
bank32nh.arff,0.0040283203125,2.0,5649.0,2543.0,1.0,0.5661091441826395,33.0,8192.0,31.04248046875,2.0,96.96969696969697,3.0303030303030303,1.0,2.0,68.95751953125,0.0,3.0303030303030303,2.0,32.0
phpOkU53r.arff,0.02258064516129032,3.0,150.0,60.0,1.0,0.9935275080906149,7.0,310.0,19.35483870967742,3.0,85.71428571428571,0.0,0.0,3.0,48.38709677419355,0.0,14.285714285714285,3.0,6.0
vinnie.arff,0.007894736842105263,2.0,195.0,185.0,1.0,0.5303430079155673,3.0,380.0,48.68421052631579,2.0,66.66666666666666,33.33333333333333,1.0,2.0,51.31578947368421,0.0,33.33333333333333,2.0,2.0
