73,72,50,77,54,53,75,74,57,56,68,62,84,11,20,26,98,39,2,48,30,12,94,58,60,88,35,28,7,23,95,102,40,1,45,29,10,89,66,70,37,18,25,96,43,6,49,34,9,91,65,71,87,17,15,24,100,38,4,46,31,14,90,63,69,79,27,16,21,97,41,3,44,32,13,93,67,61,101,36,19,22,99,42,5,47,33,8,92,64,59,52,55,82,85,51,80,78,83,81,76,86
83,84,52,55,63,66,85,62,57,53,77,81,60,37,10,45,100,24,40,33,2,14,90,69,73,50,20,17,9,44,96,101,29,43,32,1,18,88,76,80,23,8,48,95,28,38,34,5,11,93,72,79,102,22,12,49,98,27,39,35,3,16,89,74,71,59,30,19,46,97,25,41,31,6,13,91,75,70,94,21,7,47,99,26,42,36,4,15,92,78,82,61,87,86,64,54,67,65,68,51,56,58
101,102,80,79,49,38,50,35,45,63,91,93,82,13,11,52,8,66,41,76,18,30,57,87,88,81,24,3,36,51,6,72,65,46,75,19,25,58,99,100,16,2,56,10,69,44,78,22,28,62,97,95,84,12,4,53,7,68,42,77,20,26,60,89,94,83,15,23,55,5,67,43,74,21,29,61,98,96,85,14,1,54,9,70,40,73,17,27,59,92,90,86,37,71,47,31,33,39,48,32,34,64
96,98,68,99,41,61,62,60,42,20,87,94,67,44,4,33,38,9,51,78,54,19,26,84,89,63,21,1,43,30,36,7,8,48,77,55,14,23,91,95,47,3,31,37,13,53,80,56,15,25,90,88,66,45,5,34,39,12,52,81,58,17,28,92,93,65,46,6,32,35,11,50,79,59,16,27,85,97,64,22,2,29,40,10,49,76,57,18,24,101,102,82,100,71,73,70,72,86,74,69,83,75
99,100,49,31,26,35,30,14,33,86,87,89,45,51,4,43,63,69,57,76,11,22,85,88,93,44,6,36,72,41,60,53,66,54,75,7,24,79,96,102,3,16,42,64,67,58,78,10,20,81,97,91,46,52,5,40,62,68,55,74,13,23,82,101,90,48,2,15,39,61,70,59,77,8,19,83,95,98,47,1,17,38,65,71,56,73,12,18,84,94,92,50,29,21,25,27,34,28,37,9,32,80
101,102,86,59,60,65,22,57,52,55,89,91,85,4,10,31,47,68,23,77,37,50,29,90,87,80,1,2,73,46,27,7,66,16,74,17,20,19,95,96,15,12,56,43,70,18,79,38,51,28,93,99,83,3,8,53,49,67,24,78,42,26,35,88,100,84,5,9,58,48,69,25,76,39,30,34,92,97,81,13,6,36,44,71,21,75,40,61,41,94,98,82,11,64,54,62,14,32,72,45,63,33
102,91,80,10,60,33,58,35,48,20,93,95,86,5,51,67,23,31,71,77,37,44,16,87,89,81,2,55,1,65,26,3,28,68,74,36,47,15,88,99,12,4,63,25,30,69,78,39,43,17,90,98,83,6,50,64,21,27,70,79,40,45,14,92,101,85,8,53,62,24,29,73,75,41,42,18,94,96,82,7,52,66,22,32,72,76,38,46,19,100,97,84,49,54,61,11,9,57,59,34,56,13
97,98,39,99,29,28,92,22,64,30,88,73,43,94,10,32,45,18,71,5,21,63,51,76,83,37,100,7,27,31,48,19,13,68,2,26,58,50,89,102,72,11,33,44,15,78,6,25,57,54,75,84,42,101,9,35,46,14,69,3,24,62,53,74,93,38,81,8,36,47,17,80,4,23,60,52,86,91,40,96,12,34,49,16,70,1,20,61,55,90,87,41,95,56,66,82,65,77,67,79,59,85
93,100,86,45,52,38,55,64,53,24,102,90,81,19,17,28,58,5,69,75,49,35,41,101,87,84,22,10,21,27,56,12,3,67,73,46,33,39,94,97,9,2,30,54,6,72,74,50,25,43,95,98,82,18,16,26,59,7,70,77,48,34,44,91,89,83,20,15,29,60,4,68,76,47,36,40,88,99,80,1,11,31,57,8,71,78,51,37,42,92,96,85,13,23,65,66,14,79,63,61,32,62
93,94,69,67,15,8,95,43,14,3,86,81,73,78,6,53,37,21,63,28,98,25,46,80,82,70,51,12,42,57,40,66,17,60,30,96,34,48,83,84,75,13,55,41,22,62,29,100,23,44,87,89,74,50,9,56,36,19,61,31,99,26,47,85,90,72,77,5,52,38,18,64,32,97,24,45,79,91,71,76,11,54,39,20,59,33,101,16,49,92,88,68,102,1,35,2,4,58,10,65,27,7
102,101,80,37,34,33,51,7,25,1,97,93,69,52,36,57,10,64,85,77,16,43,22,87,89,67,49,32,59,53,8,66,60,79,73,13,44,19,95,91,31,38,56,6,62,82,76,18,42,20,94,99,68,45,30,55,4,63,86,75,15,47,24,96,100,72,29,35,54,11,61,84,78,17,46,21,88,92,71,26,27,58,5,65,83,74,14,48,23,90,98,81,40,12,39,2,41,50,70,3,28,9
101,100,42,78,26,1,102,77,17,10,92,99,43,71,14,68,24,29,49,6,81,69,55,86,90,38,60,15,2,65,23,11,27,36,3,80,61,53,95,96,62,19,63,20,32,47,7,84,35,57,93,94,44,72,13,64,25,30,46,8,85,51,56,87,98,40,75,18,66,21,31,45,4,82,70,54,88,97,41,50,12,67,22,28,48,5,83,59,58,91,89,39,79,33,37,16,52,74,9,76,73,34
99,100,79,35,42,23,69,60,13,43,93,96,76,34,24,6,26,11,83,65,38,51,49,85,91,73,31,17,15,1,25,19,8,80,62,41,54,47,94,101,14,32,2,30,10,88,67,39,57,44,95,90,75,22,18,5,27,9,84,64,40,53,48,102,89,77,21,33,4,29,7,87,63,36,56,45,92,98,74,16,20,3,28,12,81,66,37,52,46,86,97,78,59,50,70,61,58,82,72,71,55,68
97,98,79,77,31,30,76,78,67,1,94,95,64,16,43,35,14,19,83,29,74,57,7,85,93,61,54,44,32,37,9,38,18,80,24,69,51,2,99,92,56,39,53,10,23,82,28,71,49,4,102,89,63,55,40,34,11,20,88,26,68,50,3,91,90,65,17,42,36,12,21,81,27,73,58,5,101,96,62,15,41,33,13,22,86,25,72,59,6,84,100,66,47,46,75,48,8,87,60,70,52,45
90,101,75,21,24,13,96,49,33,7,92,100,76,28,25,57,4,36,85,66,43,51,15,83,102,72,62,19,9,54,1,69,35,79,63,42,32,10,95,84,18,8,56,2,38,80,65,48,31,12,93,98,78,70,41,59,3,40,86,67,45,30,11,91,97,77,29,26,55,6,37,82,64,44,50,14,94,99,74,71,20,58,5,39,87,68,47,52,16,81,88,73,17,27,60,34,23,89,61,46,53,22
101,93,47,48,49,43,85,45,42,29,102,97,14,52,5,72,34,68,80,13,61,57,76,86,91,6,18,2,54,78,19,1,63,79,23,4,22,7,90,100,21,15,46,37,66,88,41,28,27,20,89,99,32,33,12,71,31,64,83,39,59,58,77,95,96,38,36,10,73,9,65,82,53,62,56,74,94,92,30,50,17,70,8,67,81,51,60,55,75,87,98,35,3,16,44,40,69,84,11,26,25,24
101,102,86,29,57,18,36,48,34,4,87,100,74,28,5,65,24,40,80,61,52,45,17,97,91,73,26,8,35,70,20,68,37,78,60,50,32,12,95,96,1,6,69,22,42,79,63,54,44,16,88,99,76,3,11,67,25,41,82,64,53,46,15,89,93,75,27,10,66,23,39,83,62,55,43,13,94,98,77,19,2,71,21,38,81,59,51,47,14,90,92,84,30,9,58,31,33,85,72,56,49,7
101,102,86,29,57,19,42,48,35,5,90,93,69,6,4,64,26,38,75,82,52,45,15,89,88,66,30,7,20,63,23,59,36,72,81,50,31,13,91,98,2,9,61,25,41,77,80,54,44,17,92,96,70,3,1,60,27,37,74,85,53,46,16,94,100,67,11,21,62,24,40,76,84,51,43,14,95,99,68,22,10,65,28,39,73,83,55,47,18,87,97,78,33,12,58,32,34,79,71,56,49,8
101,102,86,30,10,12,81,1,13,2,94,97,29,38,16,3,24,55,77,68,35,51,45,87,91,60,21,19,49,4,26,80,54,74,71,31,53,42,92,100,82,15,5,27,58,78,73,33,41,44,95,96,61,63,17,7,23,57,79,69,32,50,47,90,99,39,67,18,6,25,56,75,72,36,40,43,88,98,37,66,20,8,22,59,76,70,34,48,46,89,93,85,52,65,28,9,64,83,84,62,14,11
98,100,60,56,63,52,53,36,62,28,91,95,38,40,27,57,16,82,5,77,11,45,33,90,87,9,78,4,6,19,22,79,81,1,76,14,68,20,89,97,26,17,61,43,85,3,74,21,32,31,92,94,39,54,66,55,49,84,13,72,25,46,30,101,96,41,71,29,58,44,83,7,75,35,51,10,99,93,37,80,64,59,12,86,24,73,23,48,18,88,102,42,67,8,50,69,70,2,65,15,47,34
94,99,86,58,70,23,28,78,15,55,90,97,85,61,5,65,42,18,30,36,73,10,54,87,89,80,56,6,32,71,41,47,16,24,34,79,13,48,100,96,63,4,68,44,17,29,38,72,8,52,91,95,84,62,3,69,45,21,31,33,76,9,50,92,102,81,60,2,67,46,19,26,39,75,11,53,101,88,82,59,1,64,43,20,27,37,77,12,51,98,93,83,57,7,66,40,22,25,35,74,14,49
102,101,61,25,54,49,51,33,10,48,93,97,56,39,4,66,19,79,70,82,29,13,44,88,91,58,37,7,40,62,22,1,75,73,81,30,14,43,99,100,35,3,67,23,80,72,86,32,16,47,92,95,57,36,2,65,18,78,71,83,27,11,46,94,96,55,38,5,64,20,77,69,85,28,12,42,87,98,59,24,6,63,21,76,68,84,31,15,45,90,89,60,34,8,53,17,50,52,74,26,9,41
102,101,72,52,65,18,51,34,26,48,98,95,67,36,6,76,32,57,61,84,23,11,45,87,91,69,39,3,2,79,29,1,53,59,81,19,13,42,99,100,49,4,80,33,58,64,86,25,15,47,90,96,68,37,5,77,30,56,63,82,22,12,41,93,88,66,35,7,75,28,55,60,85,20,10,43,92,94,70,40,8,78,31,54,62,83,21,14,44,89,97,71,50,9,73,27,17,38,74,24,16,46
99,100,67,62,41,1,25,16,61,39,94,97,72,63,7,37,45,77,23,83,17,56,36,88,92,70,65,8,6,35,46,64,75,18,82,11,55,26,95,98,52,4,31,47,76,20,81,14,54,30,90,101,73,53,51,38,43,80,24,84,10,57,33,93,89,71,50,3,32,48,79,19,85,13,58,28,96,102,74,9,5,40,49,78,21,86,12,60,29,87,91,69,66,42,34,44,2,22,68,15,59,27
101,102,65,8,34,33,66,38,4,14,95,100,68,24,5,54,17,41,79,83,60,56,27,88,90,67,25,3,21,50,15,39,40,76,81,59,58,28,96,89,22,10,51,19,44,74,85,62,46,31,92,99,71,23,7,53,20,43,78,82,63,55,30,91,97,70,35,11,49,18,42,77,86,64,57,29,94,93,69,12,9,52,16,45,73,84,61,48,26,87,98,72,2,1,47,13,36,75,80,37,6,32
100,101,78,72,74,76,73,71,70,84,89,97,69,10,2,56,35,14,59,19,42,28,86,87,92,67,7,6,50,53,32,75,12,62,20,38,30,79,93,99,8,1,54,34,17,63,22,39,29,82,90,95,66,9,4,58,37,16,60,24,41,25,83,96,98,65,18,5,57,36,15,61,23,43,26,81,94,91,68,11,3,55,33,13,64,21,40,27,80,88,102,77,44,46,51,48,45,52,31,49,47,85
96,95,68,74,67,63,66,61,65,64,86,89,48,49,18,47,15,76,14,100,41,53,10,82,84,6,70,5,69,46,4,1,75,2,97,3,33,8,87,90,59,58,62,45,77,24,102,57,28,27,81,88,32,72,22,40,44,78,26,99,36,43,12,93,94,55,11,19,34,38,79,17,98,39,54,25,85,92,50,71,20,31,51,80,13,101,9,23,35,83,91,60,73,30,56,16,29,21,52,37,7,42
101,102,67,76,65,66,64,63,62,74,93,90,61,51,14,29,37,7,47,10,41,23,72,87,91,57,56,19,1,27,33,26,2,45,8,39,25,68,92,95,52,17,31,34,6,50,12,42,20,73,99,88,60,53,16,30,35,4,48,13,43,21,70,94,96,59,54,15,28,36,3,46,9,44,22,69,100,97,58,55,18,32,38,5,49,11,40,24,71,89,98,86,75,78,82,81,79,80,83,77,84,85
100,99,86,36,65,55,40,63,34,73,92,98,76,14,4,58,27,18,45,82,52,12,69,101,87,77,15,6,38,60,31,37,16,46,79,48,8,66,94,102,23,5,56,30,19,42,83,51,10,67,91,95,78,22,2,57,32,20,43,81,49,7,72,93,97,75,13,3,59,28,21,44,80,53,11,68,89,90,74,25,1,61,29,17,47,84,50,9,71,88,96,85,35,26,64,41,54,39,24,62,33,70
100,98,74,9,60,16,58,35,6,23,97,89,79,44,2,70,56,48,66,84,30,21,41,88,90,76,17,5,33,67,54,3,45,61,82,28,24,40,101,96,10,7,72,52,49,64,81,25,14,36,91,99,80,32,8,68,53,50,62,85,29,15,38,92,95,78,22,4,71,55,46,65,86,26,19,39,93,102,77,43,13,69,51,47,63,83,27,18,37,87,94,75,42,12,59,31,1,57,73,34,11,20
58,57,60,1,2,31,67,41,19,3,49,46,23,25,69,88,92,76,65,4,37,29,14,44,48,59,100,83,90,89,93,98,72,61,6,34,80,11,52,54,78,71,86,91,74,64,8,39,20,15,50,47,21,24,70,84,94,75,63,9,36,28,10,56,45,22,26,68,85,96,77,66,5,35,30,12,51,55,16,17,99,87,95,73,62,7,38,82,13,43,53,18,79,101,32,27,81,42,97,40,102,33
59,61,17,2,77,4,58,37,1,79,52,54,13,75,67,100,93,26,46,8,34,71,83,47,50,14,20,89,5,97,92,78,23,41,7,32,21,82,49,64,22,80,98,94,28,44,9,33,40,84,62,57,18,74,68,102,91,25,42,11,38,72,87,53,56,15,73,66,101,95,24,45,10,36,70,85,63,51,16,90,88,99,96,27,60,12,35,29,86,48,55,19,81,6,69,76,30,43,3,39,31,65
96,100,35,38,54,33,72,48,53,18,92,90,42,34,37,61,8,30,68,76,50,81,16,88,87,39,57,23,3,58,10,4,26,65,75,44,86,12,97,98,2,22,64,11,31,71,77,43,80,13,94,101,40,56,25,59,9,29,66,73,45,83,14,95,91,51,1,21,63,7,32,69,74,49,85,15,93,102,52,20,36,62,6,27,67,78,47,84,17,89,99,41,55,24,60,5,28,70,79,46,82,19
98,99,66,5,27,4,86,62,18,16,101,100,71,55,45,47,35,12,85,75,61,26,34,88,91,68,20,41,19,49,37,1,8,79,78,59,21,29,102,90,56,43,48,38,13,81,73,60,22,32,92,95,70,57,42,50,39,9,83,76,63,23,30,94,96,72,54,44,52,36,10,80,77,58,25,31,93,97,69,53,46,51,40,11,82,74,65,24,33,87,89,67,6,2,28,14,3,84,7,64,15,17
92,93,99,53,75,19,27,61,12,45,88,91,100,51,3,71,38,16,25,32,60,8,40,94,83,97,48,1,77,70,36,96,14,21,29,62,7,41,86,90,52,4,74,37,17,23,31,59,9,43,87,89,101,49,5,69,39,15,24,33,56,10,44,85,82,102,50,2,72,35,20,26,30,58,11,42,80,84,98,65,6,73,34,18,22,28,57,13,46,81,95,79,76,54,66,47,63,78,55,68,64,67
101,102,86,26,49,23,66,28,21,64,93,88,82,14,4,51,32,69,45,75,35,9,60,87,97,81,16,6,19,53,33,42,71,47,74,36,12,57,99,100,13,2,56,34,73,46,79,40,7,63,94,95,85,18,1,54,31,72,43,77,39,8,61,92,98,83,15,5,55,30,68,44,76,37,10,59,90,96,84,17,3,52,29,70,48,78,38,11,62,89,91,80,25,24,50,41,22,65,67,27,20,58
101,102,64,56,55,23,74,42,29,2,93,98,60,28,21,31,7,70,85,76,50,43,16,90,94,59,27,14,25,30,3,22,68,81,77,49,47,17,87,91,45,9,32,4,66,84,80,54,37,18,89,95,61,39,13,35,5,71,83,75,51,40,20,92,97,62,46,11,34,6,69,86,79,53,41,15,96,99,63,44,12,33,8,67,82,78,52,38,19,88,100,65,26,24,58,1,57,73,72,48,36,10
100,101,76,86,62,50,77,48,53,82,92,95,65,23,47,16,4,9,71,58,29,41,83,89,87,67,35,45,33,17,2,36,8,74,54,27,37,78,94,97,25,49,20,5,11,69,55,26,42,81,88,91,66,22,46,18,3,7,70,56,28,40,84,102,98,63,15,51,21,6,12,68,59,31,39,79,93,96,64,14,52,19,1,10,72,57,30,38,80,90,99,73,32,60,34,13,24,75,61,43,44,85
86,88,73,11,37,35,21,39,2,47,81,89,68,6,58,63,28,74,16,99,43,24,53,80,85,67,9,55,102,60,29,66,75,14,96,42,26,50,83,91,12,54,62,32,78,19,100,40,22,52,92,95,69,7,57,61,30,77,17,98,41,25,51,87,84,70,5,56,65,33,76,15,97,44,23,48,94,93,72,8,59,64,31,79,18,101,45,27,49,82,90,71,10,1,36,13,34,20,4,38,3,46
100,101,69,53,68,56,67,66,55,82,91,102,40,25,20,60,13,71,4,31,14,32,83,89,92,39,52,5,47,58,42,49,72,1,16,2,84,76,93,99,50,10,59,24,74,11,27,23,19,79,90,97,46,51,7,61,30,70,17,28,64,86,78,95,88,45,48,6,62,29,73,3,33,22,35,77,94,96,43,54,15,57,38,75,8,34,65,36,80,87,98,41,44,21,63,18,12,9,37,26,85,81
98,100,75,56,42,15,14,41,18,49,101,88,74,60,12,65,52,33,2,27,39,22,48,90,89,70,69,6,4,62,50,57,29,1,28,35,17,43,96,94,68,10,64,53,31,5,24,40,16,47,95,93,72,61,9,63,54,30,7,26,36,19,45,87,99,71,59,11,67,51,34,3,23,37,21,44,92,97,73,58,13,66,55,32,8,25,38,20,46,91,102,85,76,81,80,77,83,86,84,79,82,78
98,102,86,42,56,13,65,40,26,14,89,97,83,37,20,66,2,33,60,77,46,50,9,87,92,81,27,19,24,67,3,59,30,72,74,45,54,7,91,100,36,23,70,5,32,63,79,48,55,11,93,90,85,58,18,69,6,34,62,75,49,53,12,99,101,84,38,21,68,4,35,61,78,44,51,10,94,95,82,41,22,71,1,31,64,76,47,52,8,88,96,80,28,17,57,15,25,73,43,39,29,16
102,101,86,48,71,25,49,33,24,50,90,98,74,22,2,59,29,44,67,81,36,14,54,91,88,73,16,6,15,58,26,7,41,65,78,34,9,51,100,99,21,4,63,31,46,70,83,39,12,57,92,95,75,18,3,60,27,45,66,80,35,10,56,89,94,77,17,5,61,28,43,69,79,37,13,55,93,97,76,19,1,62,30,42,68,82,38,11,52,87,96,84,23,8,72,32,47,64,85,40,20,53
102,101,84,24,65,26,49,41,23,56,88,92,80,14,1,62,36,31,70,76,43,8,51,98,87,83,18,6,22,58,34,20,28,72,74,42,9,50,100,99,17,4,63,38,32,69,78,47,11,55,91,93,79,16,5,61,33,30,67,77,44,7,53,94,95,81,19,2,60,37,29,71,75,45,13,52,90,96,82,21,3,59,35,27,68,73,46,12,54,89,97,85,25,10,66,39,48,64,86,40,15,57
100,101,86,73,76,72,75,77,74,80,95,89,54,24,5,39,14,34,62,71,51,12,82,87,90,53,29,3,31,41,15,25,32,60,66,45,8,79,96,92,26,1,40,17,37,63,67,48,11,81,102,91,55,23,4,44,18,35,64,69,49,13,84,94,97,56,21,2,42,19,36,61,70,46,10,78,93,99,52,27,6,43,16,33,59,68,47,9,85,88,98,57,28,7,38,20,30,58,65,50,22,83
98,100,71,69,78,51,54,53,50,79,94,96,48,18,5,76,31,11,66,59,42,25,84,87,92,49,19,2,29,73,34,30,8,63,55,40,23,82,101,102,15,6,77,36,13,62,60,44,27,86,93,97,45,21,4,75,32,9,65,57,43,24,85,95,90,47,17,1,72,35,10,64,58,41,26,81,91,99,46,16,7,74,33,12,67,56,39,28,80,88,89,52,20,3,70,37,14,68,61,38,22,83
100,102,86,62,79,46,64,45,44,63,87,89,82,20,8,50,33,14,58,74,41,2,70,88,91,81,35,11,47,51,30,36,15,56,72,38,5,66,99,101,12,9,55,34,19,49,77,43,10,71,95,97,84,22,24,52,31,18,57,75,42,6,65,92,96,83,21,7,53,32,17,59,76,40,3,67,93,94,80,23,25,54,29,16,60,73,39,4,69,90,98,85,28,13,61,27,26,48,78,37,1,68
98,99,78,67,68,65,77,76,66,86,93,101,42,15,4,45,12,21,63,73,54,32,83,88,100,39,25,1,28,49,9,29,19,58,69,51,36,80,94,97,18,5,48,10,23,62,72,56,33,84,91,102,43,17,7,47,8,22,60,74,52,34,82,92,95,38,30,3,44,11,20,64,70,55,35,79,90,96,41,16,6,46,13,24,61,71,53,31,81,87,89,50,27,2,40,14,26,59,75,57,37,85
99,98,74,81,49,50,51,29,9,1,91,83,73,54,27,39,6,60,77,65,45,18,14,100,87,68,102,42,2,36,3,17,56,75,62,44,24,11,92,84,101,16,41,8,58,79,64,46,23,15,89,96,72,55,25,37,4,59,80,63,48,19,13,90,94,69,53,26,38,7,61,76,66,47,20,10,88,93,71,52,21,40,5,57,78,67,43,22,12,82,97,70,95,28,32,31,35,85,33,30,86,34
101,100,77,42,45,7,69,40,8,60,90,92,73,23,4,48,30,19,67,83,36,11,57,87,91,76,27,3,26,46,28,24,15,63,81,35,14,55,102,99,41,1,51,33,20,64,86,39,13,59,95,97,74,22,5,47,29,16,68,85,34,12,54,88,98,72,21,6,49,31,18,65,82,37,10,56,96,93,75,25,2,50,32,17,66,84,38,9,58,89,94,78,71,70,61,53,43,80,79,52,44,62
100,102,79,41,43,2,66,31,18,51,96,93,76,54,13,61,36,20,68,80,27,7,47,88,87,73,52,12,3,59,33,10,19,67,81,25,9,45,99,101,53,11,64,38,24,72,85,32,8,49,98,91,75,56,16,62,37,23,71,84,26,5,46,90,94,77,57,15,63,34,22,70,82,28,4,48,97,95,74,55,14,60,35,21,69,83,30,6,44,89,92,78,40,58,42,39,1,65,86,29,17,50
101,102,85,63,14,7,78,30,40,16,92,98,83,31,1,49,11,34,68,76,25,18,45,87,95,79,39,2,57,52,8,71,33,66,73,23,29,42,100,97,15,3,54,13,38,70,77,28,17,47,93,89,82,58,6,51,12,35,67,74,24,20,44,96,94,84,32,4,50,9,36,69,72,26,19,43,91,99,81,48,5,53,10,37,65,75,27,21,46,86,90,80,62,64,55,22,41,88,60,59,56,61
100,101,9,33,50,10,99,76,8,17,93,97,4,23,22,27,38,45,85,16,69,53,62,81,89,2,34,51,7,31,35,1,43,78,11,75,58,60,88,98,68,41,28,36,48,82,15,74,55,64,92,83,6,24,21,29,39,46,79,13,73,52,65,90,95,3,25,20,30,40,47,84,14,72,54,61,94,91,5,67,42,26,37,44,80,12,71,56,63,86,96,57,102,19,77,49,18,87,32,70,66,59
74,76,22,34,23,100,53,60,99,13,66,73,6,84,83,19,43,91,47,30,61,38,11,63,69,2,95,97,24,17,45,1,88,51,29,56,27,7,64,71,86,82,15,41,93,49,32,58,36,10,72,78,5,87,81,16,40,89,48,33,59,37,9,65,77,4,85,80,18,44,90,50,31,57,35,8,68,75,3,94,98,14,42,92,52,28,55,26,12,67,70,20,79,46,101,96,102,39,21,62,54,25
82,83,97,49,50,29,81,66,27,28,78,69,11,33,100,40,5,54,91,25,64,20,46,67,68,3,94,93,51,37,6,4,53,85,21,60,41,42,73,70,31,99,36,8,56,87,23,61,18,44,76,80,12,34,98,39,7,58,89,24,62,19,47,77,74,13,32,101,38,10,57,86,26,63,17,45,71,75,15,95,92,35,9,55,88,22,59,30,43,72,79,16,84,2,102,96,52,90,1,65,14,48
98,99,35,28,25,10,97,75,9,36,88,93,20,16,53,57,5,60,77,44,71,33,47,79,86,12,2,27,11,54,4,1,61,76,41,68,29,45,89,91,26,37,55,7,62,85,43,73,30,50,90,95,18,14,52,56,6,65,78,40,74,32,49,87,92,21,15,51,58,8,64,82,42,70,34,46,83,94,19,17,22,59,3,63,80,39,69,24,48,81,96,67,23,31,101,66,102,84,38,72,13,100
102,101,73,46,57,49,59,48,37,6,94,100,65,14,33,29,44,79,83,69,54,4,23,87,88,61,8,18,1,30,39,56,74,85,67,53,3,19,92,91,38,13,28,43,78,81,68,55,5,21,89,96,63,16,25,27,41,75,84,70,50,12,22,95,97,62,36,15,32,42,77,82,72,52,11,20,93,98,64,35,17,31,40,76,80,71,51,10,24,90,99,60,9,2,45,7,66,58,86,47,34,26
94,92,54,37,50,41,56,39,53,69,101,99,14,51,10,26,5,44,22,60,36,75,67,95,88,16,40,11,7,25,1,55,42,24,57,34,72,63,85,102,48,9,28,4,45,21,61,32,77,64,100,93,18,49,8,29,6,47,23,59,35,76,65,87,91,17,38,13,30,3,43,20,62,33,71,66,98,97,15,52,12,27,2,46,19,58,31,73,68,84,96,70,89,79,81,82,83,86,90,78,74,80
101,102,55,27,68,19,53,49,17,41,91,96,56,33,5,78,15,72,62,84,45,21,39,87,98,60,31,7,8,75,10,30,69,66,81,42,24,34,100,90,28,3,80,11,71,65,83,47,25,40,94,97,58,32,6,77,14,74,61,86,43,22,36,99,93,59,50,4,76,13,70,63,82,44,20,37,92,88,57,29,2,79,12,73,64,85,46,23,35,89,95,54,26,1,67,9,18,52,51,48,16,38
101,102,57,28,55,18,52,46,16,26,94,96,64,47,4,74,12,78,60,86,40,30,21,89,87,65,49,6,50,69,11,48,75,58,82,39,29,20,92,97,38,5,73,14,77,62,84,45,33,25,93,99,66,36,2,70,13,79,59,85,44,34,22,95,100,68,35,7,71,8,76,61,81,41,31,19,88,98,67,37,3,72,9,80,63,83,42,32,24,90,91,56,27,1,54,10,17,51,53,43,15,23
101,102,61,28,55,2,51,40,5,39,93,99,57,41,7,70,13,75,64,81,48,22,33,87,90,62,27,16,49,69,8,38,78,68,83,43,20,32,94,96,30,17,72,14,79,67,84,44,24,37,95,98,58,29,18,74,11,77,66,82,46,21,34,91,100,60,26,6,71,12,76,65,86,45,23,31,92,97,59,50,19,73,10,80,63,85,47,25,35,89,88,56,15,1,54,9,3,53,52,42,4,36
102,101,86,26,64,8,50,41,10,49,96,97,84,23,3,70,28,60,54,76,40,13,45,89,100,80,20,4,9,68,33,73,58,57,74,34,17,42,90,98,19,6,69,32,63,52,78,37,12,48,93,91,81,24,1,71,29,61,55,77,36,15,46,87,95,82,22,2,67,30,59,56,75,38,14,44,88,99,83,18,7,66,31,62,53,79,39,16,47,92,94,85,21,5,65,27,25,51,72,35,11,43
102,101,80,22,60,8,43,39,17,51,90,98,75,20,4,65,30,71,55,83,33,12,44,97,87,78,18,5,41,61,26,67,68,57,81,32,15,47,92,100,25,6,64,31,70,52,84,37,13,48,91,94,74,23,1,62,28,72,54,85,35,10,49,93,96,76,19,3,63,27,69,53,86,34,11,45,89,99,77,24,2,66,29,73,56,82,36,14,46,88,95,79,21,9,59,40,7,42,58,38,16,50
101,102,86,31,77,10,48,47,25,63,95,93,80,28,3,75,36,21,50,66,42,15,58,87,89,84,24,6,8,71,35,79,18,55,65,40,13,57,92,98,26,4,72,34,19,49,68,43,16,62,94,100,83,29,2,76,39,22,54,67,41,14,59,90,97,81,27,5,74,38,23,51,70,46,17,56,91,96,82,30,1,73,37,20,53,69,44,11,61,88,99,85,32,7,78,33,9,52,64,45,12,60
101,102,69,38,59,5,50,21,3,48,94,96,79,18,13,65,35,75,55,86,27,7,41,88,89,76,40,16,67,60,32,66,72,54,81,23,9,42,91,97,39,15,61,36,73,53,83,26,10,47,92,100,78,19,12,62,34,71,57,85,28,6,46,95,99,80,17,14,64,33,70,56,82,24,8,43,93,98,77,29,22,63,30,74,52,84,25,11,45,87,90,68,37,1,58,31,4,49,51,20,2,44
98,94,63,33,68,7,60,41,17,11,102,95,80,28,3,51,27,71,66,85,36,19,56,87,92,79,21,5,43,44,22,76,69,61,81,35,15,53,88,96,34,6,48,24,72,46,86,39,13,54,101,97,77,30,1,47,25,74,65,82,40,18,57,93,89,78,29,2,50,26,73,64,83,37,20,55,100,90,75,31,4,49,23,70,45,84,38,14,52,91,99,62,32,9,67,12,8,59,58,42,16,10
102,100,85,12,30,1,11,64,10,3,93,95,76,22,8,56,14,69,42,82,61,35,26,88,91,73,47,4,86,52,19,78,66,40,79,59,37,25,99,98,44,2,55,16,70,39,81,62,32,28,94,92,74,20,7,53,17,68,43,84,58,34,29,101,96,77,21,6,57,15,71,41,80,60,36,27,89,97,75,45,5,54,18,67,38,83,63,33,24,87,90,72,51,13,46,31,9,49,48,65,23,50
101,102,81,24,34,21,61,69,23,45,92,100,84,35,3,30,13,47,55,77,67,17,43,87,93,82,53,6,1,29,9,74,46,60,75,66,15,41,96,99,37,7,27,12,51,58,79,71,19,44,91,97,86,36,2,32,14,48,56,76,65,16,42,88,98,85,33,5,31,11,49,59,78,68,18,40,95,94,83,22,4,28,10,50,62,80,70,20,39,89,90,73,57,26,52,54,8,63,64,72,25,38
101,100,37,2,34,4,6,67,1,3,93,98,77,15,58,54,9,80,19,69,61,30,45,89,92,74,5,41,85,51,13,102,79,24,68,60,26,43,90,97,20,33,52,11,81,25,72,62,22,47,94,91,78,16,56,55,12,84,17,71,66,29,46,88,96,76,14,57,53,8,83,18,73,64,28,42,87,99,75,7,38,50,10,82,23,70,65,36,44,86,95,48,40,21,39,32,31,59,35,63,27,49
101,102,80,31,60,14,53,22,11,28,95,93,82,33,5,62,43,68,58,76,17,24,38,87,92,81,49,2,51,63,42,73,67,56,74,15,23,36,97,98,32,4,65,44,72,52,78,19,13,40,91,100,83,34,7,61,46,71,57,77,16,25,41,89,99,84,35,6,66,45,69,59,79,18,26,39,94,96,85,29,1,64,47,70,54,75,20,12,37,90,88,86,30,8,55,9,3,50,48,21,10,27
100,102,79,13,59,2,50,42,5,33,92,98,78,24,16,60,31,67,53,86,39,9,44,89,91,74,23,20,73,62,27,72,66,56,83,35,8,43,95,93,21,14,61,32,70,55,85,37,6,48,87,99,77,25,17,65,29,69,51,82,38,11,45,96,101,76,26,15,63,28,68,52,81,40,10,46,94,97,75,18,19,64,30,71,57,84,41,7,47,90,88,80,12,1,58,22,4,54,49,36,3,34
100,101,85,41,66,8,58,55,24,39,91,96,81,30,4,60,34,12,67,76,51,19,42,102,87,83,27,1,10,64,31,79,11,72,73,48,25,44,95,99,22,6,59,36,16,70,78,49,18,46,94,98,82,28,3,63,33,14,68,74,53,20,43,93,97,80,29,2,61,32,13,69,77,52,21,45,92,89,84,26,5,62,35,15,71,75,50,17,47,90,88,86,40,9,65,37,7,57,56,54,23,38
101,102,69,22,59,3,49,47,4,12,98,91,78,25,35,60,15,70,51,82,42,7,31,87,92,76,13,46,67,62,14,66,71,50,81,44,20,30,90,93,21,48,63,18,72,55,85,40,9,33,100,97,77,36,37,65,16,75,54,86,43,10,29,94,95,79,26,34,64,19,74,52,83,38,8,28,99,96,80,45,27,61,17,73,53,84,39,6,32,89,88,68,23,1,58,11,2,56,57,41,5,24
101,102,81,19,65,8,51,41,11,49,95,97,84,22,6,70,29,60,56,75,36,15,47,87,94,82,26,2,33,67,27,73,59,52,74,34,13,42,100,91,24,3,71,32,64,55,77,39,17,43,89,93,86,21,4,72,31,63,53,76,40,16,44,99,98,85,20,5,68,30,62,54,78,38,14,45,90,92,83,25,1,69,28,61,57,79,35,12,46,88,96,80,18,9,66,23,7,50,58,37,10,48
101,102,69,24,53,2,51,39,8,48,94,92,76,13,4,65,31,72,56,82,34,21,44,87,91,78,22,11,66,60,26,67,70,59,81,32,16,41,88,100,40,10,64,28,75,58,83,36,17,42,96,99,79,12,6,63,30,71,57,84,37,19,43,90,98,80,14,5,61,29,74,55,86,35,20,45,95,97,77,18,9,62,27,73,54,85,33,15,47,89,93,68,23,3,52,25,1,50,49,38,7,46
100,102,80,29,72,8,50,40,18,58,95,97,86,32,6,70,42,23,62,74,35,13,56,87,89,82,19,3,10,65,45,79,21,64,75,34,16,54,90,99,27,2,66,43,25,60,76,33,12,53,93,98,83,30,4,67,44,24,61,78,39,14,57,88,96,84,31,5,69,47,22,63,73,37,15,55,101,92,85,20,1,68,46,26,59,77,36,11,52,91,94,81,28,9,71,41,7,49,48,38,17,51
102,101,68,13,53,2,44,35,5,42,88,100,77,38,26,61,22,71,59,86,29,10,49,91,87,76,40,17,69,60,18,66,70,54,81,28,6,45,90,92,15,27,62,21,75,56,84,32,7,50,94,98,78,39,25,65,23,74,57,85,34,8,48,95,99,79,37,24,63,19,72,58,82,31,9,46,93,96,80,14,36,64,20,73,55,83,30,11,47,89,97,67,12,3,52,16,1,43,51,33,4,41
101,102,74,27,60,9,51,19,18,49,92,96,77,31,3,67,38,61,53,83,23,12,47,87,89,86,29,6,7,68,36,75,63,57,79,21,15,42,94,100,35,5,71,37,64,56,84,22,10,44,90,99,76,32,1,72,40,66,52,81,26,11,46,93,95,78,30,2,70,41,62,54,82,24,13,45,91,98,85,33,4,69,39,65,55,80,25,14,48,88,97,73,28,16,59,34,8,50,58,20,17,43
101,102,68,20,60,2,51,28,12,43,96,99,79,40,7,62,35,72,56,85,26,15,44,90,92,77,41,9,10,61,32,75,69,57,81,21,17,48,89,94,30,8,66,36,73,58,83,23,13,47,87,98,80,29,5,65,34,74,54,86,24,14,45,91,100,78,39,6,63,33,71,55,84,25,16,46,88,95,76,38,4,64,31,70,53,82,22,18,49,93,97,67,19,3,59,37,1,50,52,27,11,42
100,101,81,55,71,9,57,37,23,52,91,94,84,28,1,77,41,17,59,66,32,11,47,89,88,82,25,4,53,74,38,79,16,58,64,31,15,45,92,93,24,5,73,43,19,63,65,30,14,50,102,96,83,29,3,75,40,18,61,67,33,12,46,87,95,85,27,2,78,42,20,60,68,34,13,49,97,98,86,26,6,76,39,21,62,69,36,10,51,90,99,80,54,7,72,44,8,56,70,35,22,48
102,101,67,20,53,2,50,12,10,49,93,96,74,37,29,64,34,78,56,82,18,5,44,87,88,71,41,27,38,60,32,68,77,59,81,17,4,42,100,98,21,23,63,36,80,54,84,16,8,48,94,89,72,24,25,65,31,75,57,85,14,7,43,99,97,73,39,28,61,33,76,58,86,15,6,45,92,90,70,40,30,62,35,79,55,83,19,9,46,91,95,69,11,1,52,26,22,51,66,13,3,47
101,102,52,28,67,19,41,50,17,2,95,98,74,40,12,58,5,69,66,82,47,21,37,87,88,76,32,16,54,56,3,53,68,80,81,44,23,33,89,99,31,18,57,6,70,63,86,48,24,38,93,96,78,39,13,55,4,73,65,84,43,22,34,94,100,77,27,10,60,7,71,64,85,46,26,36,91,97,79,51,20,59,8,72,75,83,49,25,35,90,92,30,29,1,62,14,9,61,42,45,15,11
99,101,25,23,26,20,24,42,3,32,90,98,75,30,8,51,66,70,46,86,40,15,61,88,87,76,22,7,74,48,65,80,68,54,81,35,16,56,91,97,18,4,49,63,69,43,83,36,17,58,96,102,78,31,10,53,67,71,45,82,38,13,59,95,100,79,29,9,52,64,73,47,85,39,14,57,94,92,77,27,6,50,62,72,55,84,37,11,60,89,93,12,34,2,44,19,1,28,33,41,5,21
101,102,65,47,63,2,64,73,25,16,97,92,81,42,7,78,22,12,45,56,66,38,35,88,87,83,49,6,1,80,18,85,10,50,55,67,30,29,94,95,52,5,75,19,11,51,59,69,27,28,90,93,84,41,8,77,23,14,44,57,70,37,32,96,98,82,40,9,79,20,13,43,58,71,39,33,89,99,74,48,3,76,21,15,46,54,68,36,34,91,100,53,60,17,86,26,4,62,61,72,31,24
101,102,58,48,52,59,61,50,40,4,95,96,76,32,7,63,47,69,53,82,22,37,12,100,89,75,30,27,74,62,39,86,68,51,81,18,42,17,88,92,28,26,64,43,70,60,83,21,41,13,93,91,77,33,5,66,44,72,56,85,23,36,14,94,99,79,34,6,67,45,71,55,80,19,35,11,90,97,78,29,16,65,46,73,54,84,20,38,15,87,98,10,8,1,49,25,2,57,3,24,9,31
102,101,67,47,51,1,66,38,9,17,100,97,80,20,6,61,14,55,70,85,27,34,44,88,91,76,49,4,46,59,10,75,52,71,81,25,32,40,89,96,37,7,62,12,54,73,82,24,21,41,92,95,77,29,2,63,13,53,72,84,26,31,45,87,93,78,19,5,60,11,56,74,83,22,35,43,94,98,79,18,3,64,15,57,69,86,23,30,42,90,99,65,39,36,58,28,8,68,50,48,16,33
101,102,67,20,52,11,51,48,13,28,93,97,78,32,17,55,6,72,62,85,43,23,37,89,91,80,29,1,65,53,3,69,70,64,81,41,12,34,88,100,25,10,56,7,74,59,83,42,19,36,99,94,76,31,16,58,5,75,63,84,44,22,39,87,95,77,33,15,57,4,73,61,86,45,24,38,98,96,79,18,9,54,2,71,60,82,46,21,35,90,92,66,40,14,50,27,8,49,68,47,26,30
99,100,86,16,60,27,44,65,14,51,92,95,84,20,3,56,32,22,40,76,67,8,45,87,88,82,15,6,7,61,34,80,21,43,72,63,13,46,101,94,29,5,58,33,26,42,75,64,12,48,93,98,83,18,1,59,35,25,39,74,69,10,50,102,97,85,19,4,57,36,23,38,73,66,11,47,90,91,81,17,2,55,37,24,41,77,68,9,49,89,96,79,54,30,71,52,28,70,78,62,31,53
101,102,67,4,44,2,52,18,1,12,92,99,73,33,29,54,50,75,64,86,19,15,42,87,90,70,31,16,69,53,45,68,76,59,82,24,8,40,91,96,25,26,56,48,80,60,81,23,9,39,95,97,74,34,27,58,49,79,62,83,22,14,38,93,100,72,32,28,55,46,78,63,85,20,13,41,94,98,71,35,6,57,47,77,61,84,21,11,43,89,88,65,36,5,51,10,3,37,66,17,7,30
102,101,74,20,60,9,29,57,12,48,89,91,78,40,5,65,32,68,25,81,54,18,44,87,90,75,36,1,10,61,31,80,67,24,82,50,13,42,92,98,22,6,62,33,71,37,86,51,14,43,94,95,76,39,4,64,34,69,26,85,53,16,41,93,99,79,38,3,63,30,70,27,83,55,17,45,100,96,77,49,2,66,35,72,23,84,52,15,46,88,97,73,19,7,59,21,8,28,58,56,11,47
102,101,74,6,56,1,49,27,3,45,93,95,80,37,11,64,23,69,60,82,29,14,42,87,90,79,25,7,51,62,19,75,68,57,81,28,16,39,94,96,18,5,66,20,72,52,83,30,15,44,92,100,76,36,9,61,22,73,59,86,31,13,40,89,98,77,35,10,63,24,71,58,85,32,12,41,91,97,78,46,4,65,21,70,53,84,33,8,43,88,99,67,48,34,54,38,2,50,55,26,17,47
101,98,81,24,69,8,54,45,22,46,96,94,84,29,6,72,34,12,58,64,41,19,50,89,87,82,30,4,1,73,33,80,9,55,63,40,18,48,95,99,23,7,75,37,10,57,66,42,15,52,97,100,85,31,2,71,36,11,56,65,38,17,53,88,93,83,28,5,74,32,14,60,67,43,20,51,90,92,86,27,3,76,35,13,59,68,39,16,49,91,102,79,61,25,77,44,21,70,78,47,26,62
101,102,68,37,60,3,46,29,5,26,99,92,71,49,23,66,15,77,54,86,32,7,40,87,91,72,38,24,51,62,12,69,75,52,81,30,11,41,90,100,47,20,61,17,80,57,85,35,8,42,94,93,73,48,22,64,14,79,55,83,34,6,44,88,97,74,50,21,65,16,76,53,84,31,9,39,95,96,70,27,18,63,13,78,56,82,33,10,43,89,98,67,36,1,59,19,2,45,58,28,4,25
102,100,86,30,66,9,43,32,12,45,93,94,81,20,4,68,34,60,56,77,24,17,50,98,89,84,39,5,6,67,38,79,59,52,73,22,13,46,91,88,21,2,72,33,61,54,74,25,16,51,101,97,83,19,3,71,36,64,55,75,26,18,49,92,96,82,41,1,69,35,63,57,78,27,15,48,99,90,80,28,7,70,37,62,53,76,23,14,47,87,95,85,29,10,65,40,8,42,58,31,11,44
101,102,75,19,57,2,42,22,5,50,93,97,79,29,11,62,40,70,54,83,28,15,45,87,91,77,33,6,52,63,34,67,68,58,81,23,17,43,96,88,20,8,66,37,72,59,84,26,12,48,89,94,78,31,9,64,38,73,55,82,24,13,44,99,100,80,30,10,65,35,71,53,86,27,14,47,92,98,76,32,7,61,39,69,60,85,25,16,49,90,95,74,18,3,56,36,1,41,51,21,4,46
101,102,81,32,78,9,49,40,24,57,94,97,86,29,2,71,44,19,58,65,33,13,51,90,87,82,28,6,1,74,41,79,17,62,64,35,11,52,92,93,26,4,75,42,22,60,69,34,15,53,96,99,85,25,3,73,43,20,61,67,38,14,54,95,89,83,27,7,76,45,21,63,66,37,12,55,91,98,84,30,5,72,46,18,59,68,36,16,50,88,100,80,31,10,77,47,8,48,70,39,23,56
102,101,74,21,52,2,49,26,4,42,94,99,70,23,13,60,37,79,55,85,27,8,47,89,91,73,33,16,66,61,35,67,75,59,81,30,10,43,92,95,18,15,63,39,80,57,84,29,5,48,87,100,71,24,12,65,38,76,54,86,32,9,44,88,96,69,20,14,62,34,77,58,83,28,7,45,93,98,72,19,17,64,36,78,56,82,31,6,46,90,97,68,22,1,53,40,11,50,51,25,3,41
101,100,84,46,73,10,63,71,18,44,102,92,81,30,2,59,24,13,76,51,65,20,39,88,87,80,47,4,1,60,25,61,11,74,50,66,22,38,91,95,41,6,58,26,15,77,54,64,31,37,90,99,82,42,5,55,28,16,75,49,67,32,35,94,98,85,29,3,57,27,14,78,53,68,21,40,93,97,83,33,8,56,23,12,79,52,70,34,36,89,96,86,45,7,72,19,9,62,48,69,17,43
101,100,86,38,60,9,51,47,33,17,88,95,81,36,3,72,26,62,55,77,46,22,15,89,92,80,48,7,31,67,24,73,61,58,76,41,18,12,99,97,39,5,70,25,63,53,79,45,29,13,94,98,84,35,2,68,23,65,54,74,43,20,10,102,93,82,34,1,71,27,64,56,75,44,21,14,87,96,83,49,6,69,28,66,57,78,40,30,11,91,90,85,37,4,59,19,8,50,52,42,32,16
100,102,79,17,53,28,49,26,7,27,87,97,76,45,2,60,31,69,56,85,24,14,40,99,89,78,9,8,66,59,33,67,68,51,83,20,10,37,94,91,43,1,61,30,73,58,81,21,19,38,93,101,77,44,3,63,34,71,55,86,25,15,41,92,95,75,46,4,64,32,72,54,82,22,16,42,90,98,74,12,6,62,35,70,57,84,23,29,39,88,96,80,48,18,50,11,5,52,65,47,13,36
100,101,80,77,70,36,78,62,35,39,91,90,85,24,5,75,29,10,66,56,51,21,46,89,87,82,40,2,1,76,28,79,9,54,55,48,17,42,93,98,26,7,73,30,14,67,59,50,16,44,95,92,86,25,3,71,31,11,65,58,53,22,45,88,97,84,23,4,72,33,13,64,57,49,20,43,94,99,83,34,6,74,32,12,69,60,52,19,41,96,102,81,27,15,68,37,8,61,63,47,18,38
102,101,67,6,52,1,49,20,4,40,94,99,78,37,39,62,12,71,55,81,14,24,45,88,90,75,26,41,80,61,7,68,69,57,82,19,21,42,91,97,34,32,60,10,72,53,83,16,22,44,89,95,76,29,33,64,9,74,59,84,15,25,46,92,100,79,36,38,63,13,70,56,85,18,23,47,93,98,77,31,48,65,8,73,58,86,17,27,43,87,96,66,11,2,54,30,3,50,51,28,5,35
101,102,86,21,60,2,44,41,13,52,96,98,84,30,8,66,31,70,54,79,28,15,51,90,88,81,22,5,7,61,32,73,67,57,74,25,18,45,94,92,39,4,62,35,72,53,77,27,16,48,95,93,80,23,6,65,36,68,56,78,24,19,50,89,100,83,38,3,64,34,69,55,76,29,14,46,91,97,82,11,10,63,33,71,58,75,26,17,49,87,99,85,20,9,59,37,1,43,42,40,12,47
102,101,75,19,59,2,50,34,5,42,97,99,79,32,7,63,25,69,54,83,37,16,48,87,89,76,28,6,66,62,20,73,67,55,82,35,13,44,91,94,29,11,60,23,68,56,85,38,15,45,88,96,80,27,10,61,22,70,52,84,36,17,47,90,98,77,30,9,64,26,71,53,86,40,14,43,92,100,78,31,8,65,24,72,57,81,39,12,46,93,95,74,18,3,58,21,1,49,51,33,4,41
94,99,85,31,71,8,57,47,16,55,91,96,81,27,4,73,34,21,65,62,42,12,50,89,87,83,28,1,39,74,36,79,19,68,58,40,14,48,90,101,29,2,77,35,24,69,63,45,13,53,100,95,82,26,5,76,32,22,66,59,41,10,54,92,97,80,25,6,75,33,20,64,60,44,11,52,102,93,84,18,3,78,37,23,67,61,43,17,49,88,98,86,30,9,72,38,7,56,70,46,15,51
102,101,68,14,59,2,51,25,5,49,94,88,70,10,28,61,36,77,54,83,23,7,47,87,91,73,30,32,69,62,35,66,76,56,82,18,9,44,100,89,26,29,60,37,75,52,84,20,12,42,92,99,71,11,27,65,40,78,53,86,22,6,45,98,97,74,16,33,64,38,79,55,81,19,8,43,93,96,72,17,31,63,39,80,57,85,21,15,46,90,95,67,13,3,58,34,1,50,41,24,4,48
102,101,81,31,60,9,51,20,12,49,94,96,83,28,3,71,36,63,56,75,24,13,48,88,99,82,32,1,10,67,33,79,61,58,73,22,16,42,87,95,40,5,72,39,62,57,76,23,15,44,90,97,84,27,2,69,37,66,55,77,25,14,45,93,98,86,29,6,68,35,64,54,74,26,17,47,89,91,85,41,4,70,38,65,52,78,21,18,43,92,100,80,30,7,59,34,8,50,53,19,11,46
102,101,75,20,60,2,42,40,11,44,89,98,80,22,5,63,30,69,57,85,35,15,48,88,90,76,21,8,52,61,26,73,68,54,81,34,13,47,97,95,18,3,62,31,70,58,86,33,14,49,91,100,79,23,4,64,28,72,56,84,38,17,45,96,94,78,24,7,65,29,71,55,83,36,16,50,92,93,77,32,6,66,27,67,53,82,37,12,46,87,99,74,19,9,59,25,1,41,51,39,10,43
102,101,69,15,59,2,42,30,5,50,90,94,80,33,18,60,36,70,53,85,25,8,44,100,89,77,12,21,66,61,34,67,71,57,81,23,6,43,91,98,19,20,65,37,74,56,84,29,7,49,87,97,78,32,17,63,40,73,54,82,26,9,45,88,99,79,31,16,62,35,72,55,86,28,10,48,93,95,76,22,13,64,39,75,52,83,24,11,46,92,96,68,14,3,58,38,1,41,51,27,4,47
92,98,75,40,45,11,43,50,35,30,89,100,80,26,5,52,37,59,47,84,66,19,22,87,88,76,20,2,8,53,41,73,60,72,81,69,10,21,91,96,25,1,57,33,63,71,82,68,13,14,93,95,77,28,4,56,36,61,48,85,65,17,24,94,101,79,27,6,54,38,58,49,86,64,18,23,90,102,78,31,3,55,32,62,70,83,67,16,15,99,97,74,39,7,44,9,12,42,46,51,34,29
102,101,65,17,39,2,58,38,14,10,100,95,68,26,5,55,30,79,60,76,49,42,23,87,89,70,35,16,78,52,29,85,80,86,72,45,37,18,91,99,25,9,57,32,83,63,77,47,40,21,92,98,67,27,7,53,31,81,61,73,46,44,22,93,94,66,28,6,56,33,84,62,74,51,43,24,90,96,71,36,4,54,34,82,64,75,48,41,19,88,97,69,11,1,20,15,3,59,8,50,12,13
100,101,72,8,59,5,15,48,1,2,93,94,81,39,53,69,21,61,55,74,42,24,12,86,89,83,36,34,102,67,22,85,60,58,73,43,26,11,87,95,32,31,71,19,64,57,76,41,16,10,97,99,80,40,54,68,17,62,56,75,45,23,14,92,88,82,37,50,66,20,63,52,78,44,25,9,98,96,84,33,49,70,18,65,51,77,46,28,13,91,90,79,27,3,38,4,7,29,35,47,6,30
98,101,81,21,65,12,51,31,16,28,91,97,86,26,3,70,35,60,64,76,43,14,45,87,88,84,24,6,29,68,32,79,58,56,75,38,17,46,100,95,25,4,72,37,62,52,77,42,9,48,92,96,82,22,1,69,33,61,53,74,40,8,49,99,89,83,18,5,71,34,59,57,73,41,10,44,93,90,85,19,2,67,36,63,54,78,39,13,47,94,102,80,20,7,66,23,11,50,55,30,15,27
100,102,83,13,66,7,64,35,20,49,92,101,81,23,4,77,32,53,59,69,38,18,44,88,89,84,22,2,10,78,28,79,55,51,68,36,15,42,94,90,25,1,76,31,57,60,71,39,16,46,87,91,80,24,5,75,30,54,61,70,41,17,47,96,99,85,21,8,74,33,56,52,72,40,14,45,95,98,86,26,3,73,29,58,62,67,37,11,48,93,97,82,12,9,65,27,6,63,50,34,19,43
102,101,75,19,59,2,50,24,5,42,91,90,76,33,7,65,37,69,56,84,28,16,49,87,89,80,25,12,66,60,35,67,70,53,82,26,17,43,92,100,22,10,62,39,68,54,86,27,14,46,96,88,77,34,8,61,38,71,57,85,29,15,45,93,99,78,20,6,64,36,73,55,83,31,13,47,94,98,79,32,9,63,40,72,52,81,30,11,48,95,97,74,18,3,58,21,1,44,51,23,4,41
102,101,68,33,53,2,50,39,5,42,100,97,80,6,15,64,21,70,59,84,27,17,43,98,88,78,40,25,75,62,18,66,69,56,83,30,11,44,91,93,34,12,63,19,73,55,85,28,16,45,87,99,79,36,14,60,23,72,58,82,26,13,47,90,94,76,7,37,61,20,71,57,86,31,10,46,92,95,77,35,24,65,22,74,54,81,29,9,48,89,96,67,32,3,52,8,1,49,51,38,4,41
51,52,30,21,34,4,3,102,1,24,44,50,32,73,14,18,78,6,57,69,101,64,86,40,38,26,72,11,22,15,81,2,5,59,68,97,63,84,42,49,33,23,16,76,10,36,70,100,35,87,54,47,31,74,12,20,80,9,61,71,99,62,85,43,41,29,75,13,17,77,7,58,67,96,65,88,55,48,27,56,25,19,79,8,60,66,98,37,89,45,53,28,46,83,94,92,90,39,93,95,82,91
100,101,67,20,58,23,68,26,19,28,99,97,72,17,5,61,41,50,81,76,32,12,43,87,90,71,8,2,22,60,36,7,55,85,78,29,13,48,95,88,21,6,62,38,54,83,77,30,11,44,89,91,69,10,1,64,37,53,86,74,33,15,47,94,96,70,9,4,63,40,52,82,75,31,16,46,93,98,73,18,3,59,39,51,84,79,34,14,45,92,102,66,25,56,57,24,49,65,80,35,42,27
99,100,64,55,51,5,79,49,86,17,90,92,69,53,18,37,21,8,74,59,47,80,30,88,87,67,50,26,1,35,23,4,7,73,58,46,83,27,94,93,56,32,40,34,13,77,60,42,85,15,101,91,65,52,2,36,22,11,75,61,44,81,29,95,96,68,54,19,39,24,10,72,63,45,84,28,102,98,70,57,31,38,33,12,76,62,41,82,14,89,97,66,48,3,25,16,9,78,71,43,20,6
99,100,86,38,58,5,66,55,8,9,95,101,81,16,11,59,53,18,76,73,32,46,26,87,88,80,14,4,56,60,49,23,17,79,68,31,42,24,91,96,1,6,63,48,22,74,70,34,43,29,92,90,82,15,10,62,52,21,75,71,35,41,27,93,102,83,30,7,64,51,19,78,72,33,47,28,89,97,84,2,13,61,50,20,77,69,36,44,25,94,98,85,37,3,57,54,12,65,67,39,40,45
98,101,86,42,72,17,40,51,20,33,94,100,79,16,4,57,25,44,66,62,37,12,80,89,87,74,29,1,71,52,23,41,43,65,58,34,13,81,91,102,30,8,56,27,47,69,61,35,15,83,88,97,75,22,2,54,24,48,67,63,36,6,85,92,96,78,19,18,55,26,45,70,60,38,10,84,93,99,76,21,14,53,28,46,68,59,39,11,82,95,90,77,3,7,49,9,31,50,64,32,5,73
101,102,86,82,85,72,74,71,70,83,93,96,59,14,4,64,50,30,22,38,44,7,79,89,87,55,16,3,19,66,48,33,29,24,47,45,13,75,100,99,15,10,69,53,31,25,36,46,8,80,92,97,58,12,2,65,52,26,20,37,41,9,78,91,95,57,18,5,68,49,27,21,39,42,6,77,94,88,56,17,1,67,51,28,23,35,43,11,76,90,98,84,61,32,73,63,34,60,54,62,40,81
101,102,68,75,49,42,41,40,39,67,87,89,58,24,3,46,51,71,15,36,29,19,61,88,92,59,7,2,38,45,50,31,69,12,37,27,23,63,99,100,9,6,48,55,74,17,32,30,22,66,98,97,56,11,1,44,54,73,14,34,26,18,64,94,90,57,8,4,43,53,70,13,35,25,21,65,91,95,60,10,5,47,52,72,16,33,28,20,62,93,96,86,81,78,82,83,76,85,79,80,77,84
101,102,86,85,73,53,52,50,51,77,88,95,61,24,5,68,55,41,20,26,33,1,81,87,90,62,15,4,60,69,54,46,39,17,25,31,14,78,100,99,13,10,72,59,42,22,27,35,9,83,89,93,65,23,6,71,58,38,21,29,36,2,79,96,98,63,12,8,67,57,37,18,30,34,3,82,91,97,64,16,7,70,56,40,19,28,32,11,80,92,94,84,75,43,66,74,47,49,44,45,48,76
102,101,81,64,41,43,42,39,40,71,89,95,83,16,30,53,74,49,2,28,59,11,66,90,92,82,18,4,44,52,72,26,48,1,5,58,9,65,100,99,35,38,56,77,50,34,37,62,36,70,88,93,84,22,12,55,76,45,7,33,61,17,69,94,96,86,32,27,51,73,47,3,15,60,24,68,87,98,85,25,14,54,75,46,10,21,57,23,67,91,97,80,63,6,31,79,29,8,19,20,13,78
102,101,86,4,21,30,18,72,3,2,93,96,70,23,8,45,41,11,85,65,60,31,51,87,91,67,24,7,16,48,38,83,10,76,61,73,25,53,89,90,33,17,42,47,13,84,64,75,32,54,95,99,71,39,19,46,40,15,78,63,58,29,49,88,100,68,22,6,43,56,12,81,62,59,35,50,92,97,69,36,9,44,55,14,77,66,74,28,52,94,98,82,27,5,57,34,1,80,79,26,20,37
101,102,86,76,13,18,85,24,17,1,88,95,84,40,3,54,33,74,66,29,41,15,48,89,87,80,69,5,4,57,38,62,70,65,25,45,10,51,93,91,42,8,59,34,71,67,27,46,12,47,94,97,82,77,6,58,37,75,63,28,43,21,50,92,96,81,79,7,55,35,73,64,30,44,16,49,99,90,83,61,2,56,36,72,68,26,53,20,52,98,100,78,22,9,60,32,14,39,19,31,11,23
101,102,85,25,52,15,79,22,26,42,94,96,81,21,2,58,30,64,73,68,36,11,44,87,91,82,23,5,51,53,29,17,60,77,66,37,8,43,100,99,27,4,57,31,65,72,70,41,13,48,95,90,84,16,6,54,32,61,74,59,40,9,45,92,98,80,24,3,55,34,62,71,67,39,12,47,88,89,83,19,1,56,33,63,75,69,38,10,46,93,97,86,18,7,50,35,20,78,76,28,14,49
101,102,86,4,59,15,60,12,3,27,100,96,83,26,25,57,6,64,68,77,36,30,48,88,87,82,20,29,21,52,7,40,65,71,75,33,17,47,94,99,41,13,53,10,66,72,78,37,19,46,91,95,81,22,28,55,9,63,69,76,38,24,45,90,98,80,31,18,56,8,61,70,74,35,23,49,93,97,84,44,14,54,11,62,67,73,34,16,50,92,89,85,2,43,58,1,32,51,79,39,5,42
101,102,86,15,43,18,79,64,16,12,89,100,84,29,7,47,22,77,66,58,54,23,38,88,87,80,31,6,70,45,25,41,73,65,59,52,19,33,91,95,13,8,49,20,74,51,60,57,39,37,97,94,83,30,2,46,21,76,69,62,53,17,35,93,99,85,40,5,48,26,75,67,63,56,24,36,90,98,82,50,4,44,27,78,68,61,55,32,34,92,96,81,11,1,14,9,71,72,42,10,3,28
101,102,86,40,70,27,71,39,23,79,91,97,84,36,4,67,58,21,44,54,30,13,73,87,88,81,25,7,8,66,61,41,16,47,50,28,14,72,99,100,24,1,69,62,22,42,55,34,9,78,94,95,85,38,3,65,57,20,45,51,29,11,75,98,92,83,37,2,68,60,19,46,53,31,12,76,90,96,80,35,5,64,59,17,43,49,32,10,77,93,89,82,26,6,63,56,18,48,52,33,15,74
102,101,73,85,86,75,82,74,72,84,95,96,38,35,11,56,6,47,62,67,25,18,80,87,93,39,32,13,44,53,2,8,49,64,66,28,16,76,100,99,33,10,58,7,52,59,71,29,15,83,94,97,37,36,12,54,3,50,63,68,24,19,81,90,92,40,34,9,57,4,48,61,69,23,20,77,89,98,41,42,14,55,5,51,60,70,27,21,79,88,91,31,17,43,46,1,30,45,65,26,22,78
96,98,77,73,78,74,76,75,72,86,93,94,54,16,46,69,2,12,62,32,38,25,82,88,90,52,27,45,50,67,1,15,8,58,30,37,20,79,100,99,19,51,71,7,11,64,36,43,26,85,92,101,55,17,47,68,6,14,63,34,42,23,80,97,95,57,29,49,65,4,10,59,33,39,24,83,91,89,56,18,48,70,5,13,60,35,40,22,84,87,102,53,28,44,66,3,9,61,31,41,21,81
94,99,45,7,79,32,80,48,47,42,92,96,66,1,18,71,13,78,57,81,27,52,39,87,101,62,17,10,25,69,12,34,73,55,82,22,50,36,88,93,9,21,72,11,74,60,84,23,49,41,90,98,64,2,5,70,16,77,59,85,28,51,38,91,89,65,31,19,67,15,75,58,86,26,53,37,100,95,63,30,6,68,14,76,56,83,29,61,40,102,97,54,8,4,46,3,20,24,35,33,44,43
101,102,86,24,61,9,65,36,22,31,93,99,83,35,6,56,14,29,66,77,39,53,44,87,88,81,49,11,33,55,12,7,25,68,74,38,62,43,90,97,4,18,59,13,26,70,79,41,52,47,94,91,84,23,1,57,17,30,71,78,42,51,46,95,98,82,20,10,58,15,28,67,75,37,54,48,96,92,85,32,8,60,16,27,69,76,40,50,45,89,100,80,21,5,64,3,2,72,73,19,63,34
102,101,86,19,67,15,79,9,2,16,87,89,81,10,45,57,24,63,73,39,13,6,31,88,90,82,47,43,70,54,20,66,61,75,37,17,5,33,100,99,27,44,59,25,65,77,41,18,3,35,92,95,84,26,29,56,23,64,74,40,14,1,32,91,97,83,8,46,58,21,62,72,38,11,7,30,93,98,85,48,28,55,22,60,76,36,12,4,34,94,96,80,53,69,68,51,42,71,78,52,49,50
102,101,86,22,43,71,78,42,1,5,93,96,80,14,8,60,51,23,72,44,34,15,68,90,88,79,29,2,41,57,54,21,25,75,45,31,36,66,89,98,18,9,62,53,27,77,46,32,19,65,87,97,83,37,13,59,52,24,74,49,33,12,69,92,91,81,20,7,61,56,26,73,48,30,11,67,94,99,82,17,4,58,50,28,76,47,35,10,70,95,100,84,39,3,55,40,6,85,38,63,16,64
101,102,41,68,76,39,37,38,42,55,87,98,40,63,22,84,13,46,10,59,8,31,54,88,93,17,67,7,36,79,19,1,43,3,56,9,21,50,94,99,62,6,80,27,48,5,61,25,26,53,92,91,32,64,23,82,30,44,14,57,24,12,51,96,90,29,66,15,83,18,47,2,60,16,35,52,95,97,34,65,11,81,28,45,4,58,20,33,49,89,100,85,77,73,86,69,71,78,75,72,74,70
100,99,67,50,49,45,64,44,51,43,98,97,79,56,35,37,23,75,66,85,34,15,2,88,92,76,54,1,53,36,11,55,72,59,82,4,12,9,95,89,39,17,20,32,73,60,86,29,30,5,96,101,77,57,8,46,6,70,61,84,31,16,7,94,102,80,42,18,48,38,71,63,83,25,40,21,93,90,78,14,22,47,24,74,62,81,33,19,26,87,91,69,10,27,41,28,58,65,68,52,13,3
100,101,70,52,53,49,86,54,48,55,91,97,72,44,15,28,66,9,23,8,40,37,60,87,88,69,51,2,21,27,63,62,1,20,11,38,32,57,102,89,50,7,31,68,3,19,17,39,33,56,95,99,73,47,12,29,64,4,24,18,42,35,61,94,92,71,46,13,26,65,5,22,14,43,36,59,96,98,74,45,6,30,67,10,25,16,41,34,58,93,90,75,79,77,85,83,81,82,84,78,76,80
95,96,80,50,32,30,71,23,35,3,82,93,76,52,28,46,7,57,101,66,4,40,18,81,90,74,64,26,53,44,14,51,54,100,65,15,34,20,83,88,39,25,48,9,59,97,68,12,49,22,85,92,78,61,24,43,10,55,102,70,13,36,21,84,87,77,60,16,47,8,58,99,69,5,38,17,86,91,79,62,29,45,6,56,98,67,11,41,19,94,89,75,63,1,42,2,37,73,72,31,33,27
94,95,86,25,72,16,71,40,56,42,99,92,85,18,14,69,7,29,76,61,38,44,46,88,87,80,20,12,1,67,2,9,27,77,57,33,53,48,90,101,24,11,64,5,30,78,63,36,43,51,96,93,83,23,15,70,3,28,74,58,35,41,49,102,97,84,22,10,66,8,26,73,59,37,45,50,98,100,81,21,17,65,4,31,75,62,34,55,52,89,91,82,19,13,68,6,32,79,60,39,54,47
100,101,78,14,53,41,32,66,21,61,93,96,79,12,10,52,44,39,31,82,70,17,60,88,102,74,15,7,2,54,48,6,37,27,81,63,18,56,94,95,11,9,49,46,38,30,85,68,19,58,89,99,77,13,8,51,43,36,29,86,69,16,55,91,98,75,25,4,50,45,40,28,84,64,20,59,92,90,76,26,22,33,47,35,42,83,67,23,57,87,97,80,24,3,34,62,1,71,73,65,5,72
102,101,84,26,41,24,49,79,21,57,90,97,82,18,2,52,47,39,75,62,70,13,28,100,88,80,22,6,48,54,43,64,35,78,60,72,15,31,93,98,8,4,55,45,37,77,61,66,12,32,89,94,85,9,5,56,44,36,73,58,69,17,29,91,96,83,19,1,53,42,40,76,59,67,14,34,92,99,81,23,3,51,46,38,74,63,71,16,30,87,95,86,20,7,50,25,10,65,27,68,11,33
46,47,27,48,49,42,33,28,26,31,38,43,50,75,18,98,95,54,15,25,81,10,85,30,29,59,65,8,1,97,91,90,53,3,20,78,5,84,39,35,74,6,102,92,55,2,24,83,4,86,36,44,51,77,17,99,93,56,14,22,82,9,89,37,45,52,76,16,100,94,57,13,23,79,11,87,34,41,61,69,19,101,96,58,7,21,80,12,88,40,32,60,66,73,70,62,72,67,71,68,64,63
101,102,84,37,71,28,79,54,38,35,94,93,81,34,4,66,15,21,76,56,52,27,42,87,89,83,32,8,62,65,16,46,23,73,58,49,31,39,96,98,11,7,69,18,25,77,61,48,13,43,91,88,85,33,5,67,17,20,74,59,50,29,44,90,100,86,26,6,68,14,22,72,60,53,12,40,92,97,82,36,1,64,19,24,75,57,51,10,41,95,99,80,47,2,63,30,3,78,70,55,9,45
99,100,77,101,43,1,102,50,37,2,84,96,71,68,44,61,11,56,79,6,32,16,22,85,88,72,66,45,48,58,15,46,53,78,3,29,25,18,98,97,67,40,63,27,57,83,8,33,35,23,90,95,73,64,26,60,13,55,80,5,30,24,19,87,92,76,69,39,62,10,52,81,7,31,17,20,89,93,75,70,38,59,12,54,82,4,28,36,21,91,94,74,65,51,49,34,41,86,14,47,42,9
101,102,86,48,58,16,71,35,17,26,92,93,84,37,5,63,23,32,68,76,50,9,43,87,88,82,34,3,57,59,18,15,31,65,72,49,13,39,97,99,46,4,62,21,33,69,74,54,12,44,91,94,83,25,1,61,20,28,70,75,52,10,41,90,100,80,45,6,64,22,29,66,73,51,8,42,89,98,81,55,2,60,19,30,67,77,53,11,40,95,96,85,36,7,56,24,47,79,78,38,14,27
99,100,81,59,20,3,66,34,16,42,92,94,84,62,45,51,5,26,70,76,28,19,40,88,87,85,56,48,11,52,6,1,23,67,74,29,12,37,101,102,57,49,55,10,27,68,79,35,13,43,89,95,82,63,46,54,8,22,71,77,32,17,36,91,97,83,61,44,50,9,24,69,75,31,18,41,93,96,86,60,47,53,7,25,72,78,33,14,38,90,98,80,58,64,21,4,2,65,73,30,15,39
101,102,86,27,63,16,47,55,8,24,94,91,84,37,65,57,13,31,42,74,52,4,20,90,93,80,35,69,9,58,15,1,28,41,76,50,7,19,97,88,36,64,62,12,32,46,75,54,2,23,95,100,82,40,66,59,14,29,45,72,56,3,22,96,92,81,38,67,60,11,33,43,73,51,6,18,89,99,83,39,68,61,10,30,44,77,53,5,21,87,98,85,78,70,48,34,26,79,71,49,17,25
102,101,86,76,68,65,84,67,64,85,93,95,59,19,10,45,6,55,51,71,34,28,78,89,92,63,20,11,21,41,2,1,57,52,70,33,26,77,99,100,18,14,46,7,58,49,74,38,25,83,94,90,60,9,12,43,3,53,48,73,37,24,81,87,98,62,16,8,44,4,54,50,69,35,29,80,88,97,61,15,13,42,5,56,47,72,36,23,79,96,91,66,27,30,40,17,31,39,75,32,22,82
99,100,78,43,39,15,93,62,30,55,95,101,81,44,27,37,3,21,75,70,61,12,53,85,92,80,41,31,10,32,2,1,18,76,65,57,8,48,94,89,40,28,36,4,17,71,66,60,9,52,90,102,82,45,24,33,6,19,73,67,59,11,49,88,91,83,46,25,34,5,20,74,69,56,13,54,87,98,84,47,26,35,7,22,72,68,58,14,51,96,97,79,42,64,38,23,16,86,77,63,29,50
99,98,79,81,30,2,100,29,26,1,85,91,76,102,14,42,16,40,62,68,53,48,9,83,84,74,80,23,28,44,18,27,35,59,65,51,49,4,92,94,57,13,46,20,38,64,69,56,34,6,87,86,77,72,15,47,17,36,60,67,52,50,7,88,95,73,101,22,45,21,39,61,66,54,41,8,90,96,78,93,25,43,19,37,63,70,55,33,5,89,97,75,71,12,32,11,10,82,58,31,24,3
98,101,86,76,68,65,84,67,64,85,91,94,59,19,10,44,2,57,51,72,36,28,79,88,97,63,20,11,21,43,3,1,56,52,70,33,26,77,96,99,18,14,46,7,58,49,74,38,25,83,92,95,60,9,12,42,4,53,48,69,37,24,80,87,102,62,16,8,41,5,55,50,73,35,29,82,93,89,61,15,13,45,6,54,47,71,34,23,78,100,90,66,27,30,40,17,31,39,75,32,22,81
101,102,86,15,70,31,42,50,17,51,97,91,84,19,7,62,24,36,52,47,73,12,67,87,90,80,27,6,53,61,21,85,32,78,44,71,14,64,88,94,29,5,59,25,34,54,46,76,13,68,99,92,82,9,2,57,22,33,55,43,75,18,65,100,93,83,10,3,60,23,37,56,48,74,20,63,98,96,81,30,4,58,26,35,77,45,72,16,66,89,95,79,28,1,49,8,38,40,39,41,11,69
101,102,80,33,57,9,73,71,39,32,89,91,85,35,20,58,43,6,79,18,65,24,52,88,87,83,30,8,13,60,45,55,3,75,14,64,27,47,92,99,34,10,62,40,2,74,15,68,23,49,94,97,82,38,12,63,44,4,77,19,66,26,48,90,98,86,37,22,61,41,5,78,16,67,29,50,96,93,84,53,11,59,42,7,76,17,69,25,51,95,100,81,31,21,72,54,1,56,36,70,28,46
101,102,71,35,78,8,42,64,23,49,91,100,70,29,9,84,41,4,53,19,63,27,47,87,89,68,30,10,7,79,36,15,2,50,16,59,25,44,92,98,33,12,83,38,3,55,21,60,26,46,88,96,69,32,13,82,39,1,52,20,61,24,45,90,97,66,34,14,80,37,6,51,17,58,22,43,93,99,67,31,11,81,40,5,54,18,62,28,48,94,95,86,77,57,76,72,56,75,85,73,65,74
99,100,77,69,70,59,60,78,47,79,91,102,53,34,4,46,24,12,35,76,64,15,82,88,87,57,33,2,58,44,21,38,9,39,71,62,18,80,90,96,32,5,45,22,8,37,74,67,17,81,89,101,55,28,3,42,26,10,36,72,65,14,84,93,97,56,49,1,41,23,11,40,75,66,16,86,92,95,54,30,7,43,25,13,48,73,63,19,85,94,98,51,29,6,50,27,31,52,61,68,20,83
96,97,39,52,70,66,67,84,61,63,93,98,57,22,12,27,4,32,54,42,81,20,76,86,89,47,40,2,3,36,5,25,31,53,41,79,17,71,92,95,16,10,37,8,33,49,45,82,14,74,87,90,59,24,11,28,7,35,55,46,80,18,72,88,94,58,23,13,26,9,34,56,44,78,19,75,85,99,48,15,1,29,6,30,50,43,83,21,73,91,100,38,51,101,69,64,65,68,102,77,60,62
100,99,84,62,6,4,97,34,21,49,91,86,80,58,40,54,12,24,66,76,30,16,48,85,88,82,37,36,2,52,8,1,26,65,73,28,14,43,102,101,61,41,57,13,27,70,77,35,18,50,90,95,78,59,39,55,11,25,67,74,31,15,46,89,98,79,60,38,56,9,23,69,72,29,17,44,92,94,81,51,42,53,10,22,68,75,32,19,45,93,96,83,63,64,7,5,3,87,71,33,20,47
101,102,86,33,56,11,65,35,25,32,87,96,84,29,2,61,19,45,67,78,50,13,38,88,92,81,28,4,30,59,17,15,47,71,75,49,10,36,93,97,31,6,64,22,43,70,79,53,7,39,91,99,83,16,1,60,20,48,68,76,51,14,37,94,95,82,26,3,62,21,46,66,77,54,12,41,89,90,80,42,5,63,18,44,69,74,52,9,40,100,98,85,24,8,58,23,57,72,73,55,27,34
101,102,86,35,18,2,19,16,1,34,87,98,81,28,31,43,55,69,64,75,10,4,48,88,92,80,32,29,72,40,57,59,66,61,73,11,24,46,95,100,33,8,45,56,71,60,74,15,9,49,96,99,84,39,21,44,52,67,65,76,12,6,51,94,89,82,27,30,42,54,68,63,78,13,5,50,93,90,83,25,3,41,53,70,62,77,14,22,47,97,91,85,79,20,36,38,26,58,17,23,7,37
96,97,85,41,39,22,84,51,27,73,100,91,79,76,15,34,45,6,59,8,56,31,70,88,98,80,75,14,19,32,46,65,1,60,7,58,28,66,87,89,52,17,35,48,3,63,9,55,25,68,99,95,82,42,18,37,49,4,61,10,57,24,67,101,94,81,77,16,33,47,2,64,11,53,29,69,102,92,78,74,13,36,44,5,62,12,54,30,71,90,93,86,40,23,38,43,21,83,20,50,26,72
98,99,83,62,74,71,72,69,70,81,92,100,61,21,3,63,54,14,44,41,32,24,80,89,87,60,16,6,49,66,51,56,10,47,38,31,26,76,101,102,17,8,68,55,15,48,42,34,27,82,90,97,59,19,5,65,53,12,45,39,33,23,77,95,94,58,18,4,67,52,13,43,37,29,22,79,91,93,57,20,7,64,50,11,46,40,30,25,78,88,96,85,9,1,84,73,75,36,35,28,2,86
97,98,79,63,4,3,95,40,15,48,93,87,84,56,53,32,10,26,67,72,35,18,45,85,86,80,60,51,6,28,8,1,22,69,71,34,16,42,100,102,59,55,33,13,27,68,76,41,21,49,92,99,83,58,52,31,12,25,65,73,39,19,46,90,89,82,57,54,30,11,24,66,74,38,20,44,91,96,81,61,50,29,9,23,64,75,37,17,47,94,101,78,62,70,5,7,2,88,77,36,14,43
101,102,86,35,78,22,62,54,30,63,93,96,85,27,9,76,48,6,38,59,43,20,66,89,87,80,23,11,46,74,47,79,1,31,56,39,17,64,98,99,29,13,77,53,7,33,61,45,19,70,92,95,84,28,10,72,52,4,37,55,40,21,67,88,100,83,25,8,71,50,5,36,60,42,16,69,90,94,81,26,14,75,49,2,34,58,44,15,68,91,97,82,24,12,73,51,3,32,57,41,18,65
98,99,86,62,70,46,21,38,26,78,93,95,82,57,11,64,7,44,8,53,34,24,73,100,89,80,58,6,48,65,14,31,41,1,49,32,17,72,102,101,63,29,71,28,47,27,55,39,30,79,94,96,81,61,15,69,19,45,2,52,35,13,74,87,97,85,60,16,67,23,43,5,51,37,25,77,91,92,84,56,10,68,20,42,3,50,36,12,76,90,88,83,59,9,66,22,40,4,54,33,18,75
92,93,64,75,1,9,78,102,22,8,80,91,63,50,26,6,20,33,68,48,101,13,39,76,83,58,43,41,27,3,16,42,29,69,44,96,10,34,82,84,95,40,5,19,28,70,45,97,14,35,79,81,59,52,25,7,21,30,67,47,99,11,38,86,88,61,51,24,2,17,32,72,49,98,12,37,85,89,60,73,15,4,18,31,71,46,100,23,36,94,90,62,87,57,56,55,53,77,65,74,66,54
101,102,66,86,78,77,79,76,67,75,99,91,26,59,41,64,17,84,6,49,40,22,68,87,88,11,47,43,33,60,4,2,81,1,48,36,7,69,96,100,55,44,65,30,80,27,53,39,28,74,95,94,31,56,34,61,15,85,5,52,38,16,71,97,92,29,57,45,62,18,83,3,51,35,14,70,98,90,24,54,42,63,19,82,10,50,37,8,72,89,93,32,58,13,25,20,46,9,21,12,23,73
101,102,72,48,70,46,80,47,34,24,90,96,58,27,11,66,2,33,85,75,54,20,40,87,89,59,44,1,10,62,7,56,29,86,73,49,25,42,88,97,35,13,64,6,30,82,76,52,21,37,94,100,60,36,8,65,3,28,83,74,50,17,39,92,91,57,45,18,63,5,31,81,78,53,23,41,95,98,61,14,15,67,4,32,84,77,51,19,38,93,99,69,26,12,68,9,16,79,71,55,22,43
101,102,86,47,64,33,59,38,36,37,93,96,81,19,4,69,21,50,63,76,30,12,42,87,90,85,16,3,55,67,20,15,49,65,74,26,9,43,100,99,13,5,72,25,53,66,79,31,7,45,88,95,84,14,1,70,24,52,62,77,28,11,41,92,98,82,18,6,71,23,51,61,78,29,8,40,89,97,83,17,2,68,22,48,60,75,27,10,44,94,91,80,46,56,57,32,35,58,73,39,34,54
102,95,78,44,30,28,101,62,33,55,90,86,83,46,39,3,15,21,66,75,58,10,54,85,89,84,42,36,25,2,13,1,20,68,73,57,26,48,92,99,41,34,4,18,22,70,71,56,12,51,96,100,81,47,38,6,14,24,65,74,61,8,49,94,97,82,45,37,5,17,19,67,76,63,9,53,91,87,80,40,35,7,16,23,69,72,59,11,52,93,98,79,43,64,29,31,27,88,77,60,32,50
100,102,73,74,75,76,77,85,72,86,90,96,58,17,8,29,51,71,21,65,38,4,80,87,92,56,13,12,43,27,46,53,66,22,60,35,5,78,94,91,14,7,31,50,68,23,62,36,6,82,89,97,57,16,10,28,47,67,19,64,37,3,83,95,93,59,18,9,26,49,70,20,63,40,2,84,101,98,55,15,11,30,48,69,24,61,39,1,81,88,99,54,45,42,34,52,33,41,44,32,25,79
101,102,86,30,84,32,56,42,31,34,93,100,74,15,4,79,27,37,60,67,53,16,44,88,90,70,21,2,10,76,25,7,36,69,63,49,20,45,99,91,18,6,80,26,40,62,64,54,19,46,87,97,72,14,1,81,28,39,59,68,52,13,47,94,96,73,8,3,78,29,35,58,66,50,12,43,92,95,71,11,5,77,24,38,61,65,51,17,48,98,89,85,22,9,82,33,41,75,83,57,23,55
71,77,84,53,21,35,70,8,26,33,75,62,81,34,9,58,31,41,86,94,46,16,99,60,63,78,23,2,12,54,28,3,37,85,91,44,11,97,65,67,25,10,59,32,40,89,95,43,15,101,69,74,80,50,7,55,29,36,88,92,45,19,102,72,68,82,18,5,57,27,38,90,96,47,14,100,73,66,83,22,4,56,30,39,87,93,48,17,98,64,76,79,52,24,49,1,20,61,42,6,13,51
101,96,85,64,12,10,65,41,24,55,95,97,84,58,31,44,6,21,70,78,36,16,53,88,91,80,57,26,11,46,4,1,18,72,75,34,25,52,93,99,60,27,43,8,22,67,76,40,14,51,87,98,82,61,29,45,7,19,68,74,38,15,50,90,89,81,62,28,48,3,20,69,79,35,13,56,94,102,83,59,30,47,5,23,71,77,39,17,49,92,100,86,63,33,42,9,2,66,73,37,32,54
99,96,86,84,83,72,48,81,80,73,97,93,29,24,53,42,30,17,4,20,52,78,44,87,94,25,82,10,3,26,75,2,8,1,37,16,14,6,98,102,27,43,74,71,32,18,54,49,57,34,90,101,58,65,47,64,23,33,5,70,12,21,41,92,88,79,38,40,67,60,11,7,69,50,76,19,91,100,68,63,28,56,62,15,9,46,51,77,13,95,89,31,85,45,61,59,39,22,35,55,66,36
101,102,85,43,51,35,52,48,23,26,91,99,80,21,1,56,16,67,68,79,40,11,29,88,87,83,8,5,50,53,12,33,62,73,74,36,9,27,100,98,10,2,54,14,65,72,76,41,22,32,90,96,81,25,6,58,17,66,69,75,38,19,31,94,97,82,24,3,55,15,63,71,78,39,18,28,93,95,84,7,4,57,13,64,70,77,37,20,30,92,89,86,49,44,59,46,34,60,61,47,42,45
97,98,86,46,54,45,79,55,27,78,91,95,83,23,2,62,43,13,66,31,47,18,74,88,89,81,36,6,63,56,38,44,8,64,28,49,20,71,87,90,26,1,59,42,10,67,33,53,19,72,100,96,84,22,5,57,40,14,70,32,51,16,75,101,93,85,25,3,58,41,9,68,30,48,17,76,99,102,82,24,4,61,39,12,69,29,50,15,73,92,94,80,35,7,60,37,11,65,34,52,21,77
102,96,86,63,12,4,65,41,19,54,93,100,80,59,32,46,8,25,75,70,35,15,56,87,89,84,49,26,27,44,5,1,20,74,67,33,18,50,90,88,61,28,43,6,23,76,72,38,14,57,101,95,83,62,31,47,7,24,79,69,36,13,53,94,98,81,58,29,45,10,21,78,71,34,16,51,92,99,82,60,30,42,9,22,77,68,37,17,55,91,97,85,64,48,40,3,11,66,73,39,2,52
101,102,72,29,28,26,65,48,41,56,94,99,82,8,22,32,17,70,43,80,62,6,49,87,89,86,1,14,85,35,21,73,67,40,75,59,11,50,96,91,3,15,34,20,71,44,77,60,10,54,97,88,81,9,23,31,18,68,42,79,57,7,53,92,100,84,4,13,36,16,66,39,78,61,5,55,90,98,83,2,24,33,19,69,45,76,58,12,51,95,93,74,25,37,46,27,38,47,63,64,30,52
102,101,86,76,68,65,84,67,64,85,90,94,59,19,10,42,3,54,51,71,35,28,79,87,89,63,20,11,21,44,2,1,55,52,69,34,26,81,97,98,18,14,46,6,58,49,74,38,25,83,92,100,60,9,12,45,5,57,48,72,33,24,82,88,96,62,16,8,41,4,56,50,70,37,29,78,93,95,61,15,13,43,7,53,47,73,36,23,80,91,99,66,27,30,40,17,31,39,75,32,22,77
95,101,71,62,44,58,79,60,57,48,93,96,85,10,30,24,21,3,74,33,66,56,28,88,90,82,5,2,45,38,19,70,1,73,17,69,52,14,87,98,59,23,42,13,11,78,18,64,55,27,100,99,83,40,16,25,32,7,75,8,67,50,22,91,102,84,39,31,34,36,4,76,37,68,53,20,89,97,81,46,9,43,35,6,77,29,65,54,12,94,92,86,61,15,26,41,49,72,80,63,51,47
102,101,85,71,69,42,73,40,49,41,95,98,80,17,8,60,13,55,57,77,46,20,38,88,87,82,25,1,22,59,16,2,51,67,74,44,31,33,96,89,18,7,62,15,56,65,75,43,24,34,90,91,84,19,4,64,11,52,66,78,47,23,36,94,97,83,27,5,61,14,53,58,79,48,21,35,93,100,81,30,3,63,12,54,50,76,45,26,37,92,99,86,10,9,68,28,6,70,72,39,29,32
101,102,81,49,50,8,59,31,35,36,90,95,85,25,7,64,20,41,76,70,52,22,47,88,99,84,23,9,58,63,15,27,37,75,68,51,33,44,87,93,11,5,65,17,42,79,71,53,26,48,89,98,82,32,3,61,18,38,78,69,55,14,43,94,97,83,29,6,62,16,39,74,72,56,21,45,91,100,86,30,4,60,19,40,77,73,54,24,46,92,96,80,28,2,57,10,1,66,67,13,12,34
100,101,85,53,56,37,71,55,38,68,102,93,73,39,8,32,11,26,58,82,50,17,67,87,92,76,35,3,5,29,9,1,23,57,79,46,15,64,91,94,28,2,30,12,25,62,78,47,20,69,97,88,77,21,4,34,13,27,61,81,49,19,65,96,99,74,41,7,31,14,24,59,83,48,16,66,90,98,75,40,6,33,10,22,60,80,51,18,63,95,89,84,42,45,52,36,44,70,86,54,43,72
100,99,86,61,71,58,60,63,37,78,88,94,74,15,3,66,41,28,52,48,31,10,83,87,90,72,9,1,36,64,39,62,25,54,45,30,14,79,101,102,19,6,69,44,26,51,50,34,17,84,92,95,73,11,5,68,40,24,56,47,32,8,80,91,96,76,18,4,65,42,27,55,49,29,12,81,93,97,75,16,2,67,43,23,57,46,33,13,82,98,89,85,20,7,70,59,22,38,53,35,21,77
100,99,61,45,60,23,79,69,33,77,88,96,55,30,16,38,4,13,85,66,51,25,72,87,90,56,46,20,1,40,7,37,12,82,63,47,35,73,93,89,24,19,39,3,10,84,64,49,29,75,102,91,57,36,17,43,8,14,83,65,48,28,76,94,98,54,31,22,44,6,11,80,67,50,27,71,101,97,58,59,21,41,5,15,81,68,52,26,70,92,95,62,32,18,42,2,9,86,78,53,34,74
99,97,78,41,39,10,90,63,37,54,98,100,82,42,33,27,3,12,66,76,60,21,48,85,88,84,55,29,1,23,4,2,11,64,71,56,17,47,92,95,46,30,26,8,14,67,73,61,18,49,93,96,83,43,32,28,5,15,69,75,58,19,50,89,101,81,45,34,25,6,13,68,72,59,22,53,91,102,80,44,31,24,7,16,65,74,62,20,52,86,94,79,40,70,38,35,9,87,77,57,36,51
99,94,79,75,76,73,74,77,68,78,102,93,72,46,13,54,1,33,27,45,63,21,82,88,90,67,38,14,49,52,5,58,31,26,40,60,18,83,87,98,50,10,56,6,35,28,43,59,17,84,92,96,71,47,12,53,3,36,25,44,65,19,81,101,95,70,48,11,57,2,34,29,42,62,20,85,89,97,66,51,9,55,7,32,24,41,64,16,86,91,100,69,37,4,39,8,22,23,30,61,15,80
98,93,72,69,61,60,71,70,59,84,95,101,55,28,4,65,24,40,46,77,37,13,82,89,87,56,25,8,7,62,21,17,39,51,73,32,16,80,99,97,29,3,64,20,43,49,75,33,12,86,88,96,54,30,2,66,22,41,48,74,38,11,83,92,102,52,27,6,67,19,44,50,78,36,14,81,91,100,53,26,5,63,23,42,47,76,35,15,79,94,90,57,31,1,58,18,9,45,68,34,10,85
75,77,38,6,2,4,74,47,13,30,68,72,35,92,96,51,90,8,60,18,42,80,29,55,61,32,39,99,95,52,86,102,7,54,16,46,83,24,66,70,81,101,48,88,10,58,17,45,82,27,65,73,34,94,97,50,91,12,64,15,40,78,26,67,69,36,93,98,49,89,11,57,19,44,79,25,63,71,33,85,100,53,87,9,59,20,41,84,28,62,76,37,31,23,3,1,14,56,22,43,5,21
98,102,73,72,77,76,78,75,74,86,94,97,23,8,39,53,18,4,65,44,63,34,81,87,89,27,19,36,50,51,13,22,1,70,43,58,29,80,93,99,11,40,52,17,5,69,47,62,33,79,91,92,24,9,38,55,16,3,68,49,59,31,83,90,96,26,21,42,54,15,6,66,45,60,35,85,95,100,25,10,41,57,14,2,67,46,61,32,84,88,101,28,20,37,56,12,7,71,48,64,30,82
99,100,78,72,77,74,76,75,71,85,93,91,61,17,1,67,44,12,37,33,53,24,82,87,97,59,16,3,42,66,43,51,10,40,29,54,23,80,101,102,26,2,70,48,13,38,34,58,19,86,89,94,62,20,6,69,46,8,36,32,56,25,84,88,92,60,15,4,68,47,9,39,30,55,21,81,98,95,63,18,5,65,45,11,35,31,57,22,83,90,96,73,28,7,64,50,14,49,41,52,27,79
102,101,86,38,16,15,79,39,2,19,88,97,80,51,13,35,78,44,56,68,26,8,63,87,91,81,50,17,40,33,73,21,41,60,69,25,10,66,89,99,47,6,36,74,46,59,71,30,11,64,92,100,84,24,5,34,75,42,57,70,28,7,61,93,95,83,52,14,37,76,43,55,67,27,9,62,94,98,82,49,12,32,77,45,58,72,29,4,65,90,96,85,22,18,48,1,23,54,53,20,3,31
101,100,79,45,44,14,90,63,29,52,95,98,81,24,41,36,5,23,68,72,62,9,50,85,89,84,47,42,16,33,2,1,19,65,71,56,15,48,94,91,25,40,32,7,18,67,74,61,10,55,93,99,83,28,37,31,4,20,69,73,58,8,54,96,88,80,26,39,35,3,22,70,76,57,11,49,97,92,82,27,38,34,6,21,66,75,60,12,53,87,102,78,46,64,43,17,13,86,77,59,30,51
102,101,86,83,75,72,84,74,73,85,100,95,64,24,4,29,12,55,40,45,58,18,80,87,88,65,9,3,25,30,11,32,50,49,43,57,23,76,99,98,7,1,28,16,54,41,48,61,22,82,92,91,67,8,5,26,15,51,38,47,60,19,78,97,96,68,17,6,31,13,52,39,44,59,20,81,89,94,66,10,2,27,14,53,37,46,56,21,79,90,93,70,42,35,71,36,33,69,63,62,34,77
102,101,86,46,53,55,54,63,44,64,91,96,74,9,2,26,40,35,47,83,61,15,70,87,93,75,12,7,22,24,38,65,30,48,79,56,19,67,100,99,8,1,29,43,36,51,85,62,21,72,94,98,78,10,3,25,42,34,52,84,58,18,71,90,97,76,11,4,23,37,33,45,82,60,17,66,92,88,73,14,5,28,41,32,50,80,57,16,68,95,89,77,13,6,27,39,31,49,81,59,20,69
102,99,86,58,69,59,62,70,60,71,91,92,80,13,2,66,26,38,47,54,34,18,76,87,90,83,19,7,57,65,28,81,37,48,51,31,21,74,93,97,11,4,68,24,41,44,55,35,14,78,101,98,84,9,6,67,25,40,46,53,36,16,73,89,96,82,15,5,63,23,39,43,52,32,22,77,100,94,79,10,3,64,27,42,45,56,33,17,75,88,95,85,8,1,61,20,29,49,50,30,12,72
101,102,86,55,8,40,66,49,21,3,89,98,83,52,4,26,36,61,78,73,45,12,33,88,93,80,65,18,50,23,35,7,59,76,68,43,19,29,96,91,58,15,27,38,62,75,71,46,16,30,92,97,81,54,5,22,37,63,79,70,42,10,32,95,94,82,53,6,25,39,60,77,69,47,11,31,87,99,85,57,2,24,34,64,74,72,44,17,28,90,100,84,56,41,14,1,13,51,67,48,20,9
99,100,86,69,68,66,77,67,76,78,98,93,72,25,6,58,29,13,62,37,46,20,83,87,89,73,24,1,43,57,33,44,9,54,36,50,15,79,101,102,27,3,60,34,14,63,41,51,17,85,92,94,74,26,4,56,32,12,61,38,47,18,81,96,91,70,22,2,59,31,11,64,39,49,19,80,88,90,71,23,5,55,30,10,65,40,48,21,82,97,95,75,28,7,53,35,8,52,42,45,16,84
97,100,79,63,6,4,98,34,15,55,91,95,81,57,38,42,8,26,67,74,31,17,49,85,86,80,61,36,1,44,10,2,22,66,72,28,21,53,101,102,60,41,47,13,27,70,76,35,19,56,99,87,82,58,40,45,11,25,68,75,29,16,51,90,93,83,59,39,46,12,24,69,71,33,18,52,92,96,84,48,37,43,9,23,65,73,30,20,50,89,94,78,62,64,7,5,3,88,77,32,14,54
101,102,81,46,38,63,49,17,27,15,89,100,78,36,4,26,53,42,83,67,30,12,62,88,99,80,48,7,72,25,50,56,39,75,64,34,20,61,93,96,47,6,24,51,44,82,65,33,18,59,92,98,77,37,9,23,55,41,84,66,35,11,58,94,97,76,70,8,22,54,40,86,68,31,13,60,87,90,79,73,16,21,52,43,85,69,32,14,57,91,95,74,29,1,28,5,10,71,45,3,2,19
102,101,86,50,58,25,65,48,24,27,90,97,83,51,2,61,18,42,78,69,55,12,36,87,89,80,28,1,10,60,17,8,43,77,68,52,16,33,100,99,30,6,64,22,45,74,73,57,11,38,94,91,82,32,5,63,20,44,76,71,54,15,37,93,96,85,39,4,62,19,40,79,72,56,14,35,92,98,81,47,3,59,21,41,75,70,53,13,34,88,95,84,46,7,49,23,26,67,66,29,9,31
98,100,84,57,29,3,97,26,7,47,85,94,81,52,39,60,9,34,68,75,22,16,46,87,89,78,36,50,4,62,8,1,30,65,72,20,19,43,102,101,55,40,63,13,35,70,77,27,17,48,92,95,80,53,37,58,12,33,69,73,25,15,45,91,90,82,54,38,61,11,32,66,76,21,14,41,88,93,79,51,49,59,10,31,67,74,23,18,44,99,96,83,56,64,28,5,2,86,71,24,6,42
97,96,85,55,34,10,65,35,11,64,99,102,83,50,29,37,7,25,72,77,46,14,62,87,90,84,33,19,18,36,3,1,21,67,73,42,12,58,92,94,51,27,41,4,20,69,74,43,17,61,100,95,82,53,28,39,6,22,71,75,44,15,60,101,89,81,54,30,40,8,23,68,76,47,16,57,98,88,80,52,26,38,5,24,70,78,45,13,59,91,93,86,56,32,49,9,2,66,79,48,31,63
99,100,71,46,56,47,54,58,55,80,94,98,63,18,6,51,42,70,34,85,21,9,75,87,89,64,14,1,57,48,38,59,65,37,81,22,7,73,90,97,13,3,50,43,68,35,83,25,12,76,95,102,61,19,4,53,41,67,33,86,23,8,74,96,93,62,20,5,52,40,66,32,84,26,10,79,91,88,60,15,2,49,39,69,31,82,24,11,78,92,101,72,44,29,30,45,28,27,36,17,16,77
99,100,67,36,41,40,59,33,15,7,88,97,76,22,16,24,1,72,64,81,49,38,12,87,98,78,52,19,56,23,6,53,68,60,80,46,45,8,92,94,44,18,26,3,73,65,83,50,42,9,90,96,77,30,20,28,4,71,61,84,48,39,13,91,102,75,31,29,27,5,69,62,82,47,37,11,89,101,74,32,21,25,2,70,63,85,51,43,10,93,95,66,17,54,34,14,57,79,86,58,55,35
98,102,36,67,68,60,20,62,66,64,93,92,17,27,41,61,52,85,22,76,37,72,32,88,91,24,28,11,69,47,21,3,81,2,75,6,29,8,90,101,39,33,46,55,86,10,77,19,43,12,87,99,59,57,15,65,48,84,18,78,42,30,31,96,100,25,56,34,63,49,83,4,80,38,70,5,97,89,50,44,7,74,23,82,1,79,35,71,9,95,94,73,14,13,58,53,16,26,51,40,54,45
100,101,67,24,65,66,50,39,48,5,92,91,59,22,36,54,17,78,70,84,33,37,8,87,88,62,23,27,47,52,16,1,73,79,81,35,43,7,93,102,4,45,56,21,77,68,85,32,44,9,90,89,64,25,38,53,18,75,72,83,30,42,11,95,97,61,12,46,57,20,74,69,82,34,41,10,96,99,63,13,29,55,19,76,71,80,31,40,6,94,98,58,14,26,49,2,51,60,86,28,15,3
101,102,82,17,47,25,75,66,4,1,89,98,76,64,16,29,19,54,84,72,43,41,7,87,91,79,40,15,61,32,20,65,51,83,67,37,59,6,93,88,50,26,31,24,55,74,71,38,57,10,96,99,80,42,28,30,22,56,86,70,45,58,9,94,100,77,49,27,34,21,52,85,68,44,35,11,95,97,81,3,5,33,23,53,73,69,46,48,8,92,90,78,60,2,13,12,14,63,62,36,39,18
75,76,83,84,22,34,74,9,25,32,60,69,82,18,5,54,28,37,88,92,43,17,101,62,64,77,11,4,24,53,26,2,35,86,91,45,10,97,61,73,33,6,58,31,40,87,96,48,12,98,66,70,80,15,3,55,30,36,89,94,47,21,99,65,71,78,42,8,56,29,38,90,93,46,16,100,72,63,79,50,14,57,27,39,85,95,44,19,102,67,68,81,51,23,49,1,20,59,41,7,13,52
102,101,81,38,14,1,71,34,3,2,93,87,86,57,17,41,6,52,49,78,64,30,25,88,92,82,70,11,69,39,5,37,51,66,74,60,20,23,95,97,67,13,42,9,55,47,75,62,22,26,96,99,84,32,16,40,7,54,48,79,63,31,28,90,89,83,12,10,43,4,53,46,76,65,29,24,94,91,85,68,18,44,8,56,50,77,61,33,27,98,100,80,21,58,36,45,59,72,73,19,35,15
99,101,58,56,63,62,65,64,59,82,102,92,40,15,4,46,23,70,53,77,31,7,79,90,88,42,13,10,44,48,20,35,67,60,72,29,8,81,94,91,14,1,50,25,68,61,74,30,11,80,87,98,41,18,2,51,22,71,54,75,34,6,86,93,89,38,17,3,47,24,66,55,76,33,5,84,95,97,37,16,12,49,21,69,57,73,32,9,85,96,100,39,26,43,45,28,19,52,78,36,27,83
98,100,80,23,37,27,41,40,20,77,91,101,69,5,18,51,30,62,24,83,47,9,74,87,102,66,11,19,65,53,29,63,58,22,81,43,4,70,99,95,1,13,54,32,59,21,86,45,2,75,90,97,68,6,17,49,34,60,26,85,44,8,71,89,93,67,7,16,50,33,57,25,82,48,10,73,92,94,78,12,14,52,31,61,28,84,46,3,76,88,96,79,15,39,55,35,38,56,64,42,36,72
102,101,86,72,71,1,30,63,17,41,92,94,83,31,3,69,40,22,53,76,58,11,47,88,87,80,27,5,2,64,34,25,23,42,74,56,13,46,97,98,26,7,70,39,24,55,79,62,9,50,89,96,84,32,4,68,36,19,52,73,60,10,48,93,91,82,33,16,65,38,18,51,77,61,8,49,95,100,81,29,15,66,37,21,54,78,59,12,45,99,90,85,28,6,67,35,20,43,75,57,14,44
99,93,79,68,76,77,75,66,67,78,89,90,36,13,56,39,5,28,62,72,48,22,82,87,91,35,14,52,51,37,1,11,26,59,69,43,23,83,88,98,19,54,38,2,31,60,71,47,25,81,102,96,34,12,57,41,3,29,63,73,46,24,85,101,95,32,8,53,42,4,27,64,74,45,20,84,100,97,33,15,55,40,6,30,61,70,44,21,86,92,94,10,9,49,18,7,16,50,58,65,17,80
101,102,86,56,53,49,57,50,48,55,96,91,84,35,2,22,8,69,33,77,36,15,60,87,90,82,19,5,72,20,7,71,67,29,75,40,18,59,99,98,34,1,25,12,70,42,79,41,13,64,88,100,80,28,6,21,9,66,32,76,37,14,63,93,95,81,26,3,23,11,65,30,74,38,16,61,89,92,83,27,4,24,10,68,31,78,39,17,62,94,97,85,46,43,54,45,47,52,73,51,44,58
95,94,77,69,61,47,66,102,49,45,79,92,75,58,11,40,22,27,53,9,98,37,18,81,78,73,46,2,1,39,21,12,28,52,4,96,34,15,89,93,48,14,41,26,29,55,7,97,38,16,80,85,72,59,10,42,25,32,54,5,101,35,17,88,90,74,60,3,44,24,31,56,6,100,36,19,87,84,76,50,13,43,23,30,51,8,99,33,20,86,83,71,91,62,57,64,65,82,63,70,67,68
96,102,81,59,33,4,71,41,24,49,95,92,83,61,29,50,6,18,65,77,35,14,43,89,90,82,57,26,2,52,5,1,19,69,74,34,11,44,88,100,56,31,51,7,20,68,75,40,16,45,87,99,86,62,27,53,10,23,64,78,38,13,47,94,93,84,63,30,55,9,22,67,76,37,15,48,97,98,85,60,28,54,8,21,66,73,36,12,42,91,101,80,58,72,32,17,3,70,79,39,25,46
101,102,86,76,68,65,84,67,64,85,88,90,59,19,10,44,6,56,51,73,35,28,81,87,92,63,20,11,21,41,4,1,53,52,72,34,26,77,100,98,18,14,46,7,58,49,74,38,25,83,94,99,60,9,12,45,2,55,48,71,33,24,79,95,96,62,16,8,43,5,57,50,70,37,29,82,93,91,61,15,13,42,3,54,47,69,36,23,80,89,97,66,27,30,40,17,31,39,75,32,22,78
99,100,86,22,73,5,71,41,24,63,93,95,83,18,7,75,46,11,53,66,38,28,60,87,102,80,20,3,23,79,43,55,10,49,64,33,29,56,88,98,16,8,78,45,12,51,67,35,31,62,90,94,82,19,6,76,48,13,54,68,37,27,61,91,89,81,17,9,77,44,14,52,65,36,30,58,92,96,84,26,2,74,47,15,50,69,34,32,57,101,97,85,21,1,72,39,4,70,42,40,25,59
100,99,83,52,16,1,101,62,6,8,89,88,81,59,23,46,13,54,75,67,39,2,33,96,87,78,24,18,63,45,10,21,53,71,65,41,22,32,86,94,64,9,49,15,56,73,70,43,7,36,98,95,77,30,17,47,11,55,76,68,40,4,34,90,93,82,61,19,48,14,58,74,69,38,3,35,97,91,79,50,26,44,12,57,72,66,42,5,31,85,92,80,25,37,29,27,60,102,84,20,51,28
101,102,86,76,68,65,84,67,64,85,99,96,59,19,10,45,6,55,51,71,37,28,80,87,92,63,20,11,21,43,2,1,54,52,72,34,26,77,98,97,18,14,46,7,58,49,73,38,25,83,90,88,60,9,12,44,3,53,48,69,33,24,82,100,95,62,16,8,42,4,57,50,70,36,29,78,91,89,61,15,13,41,5,56,47,74,35,23,81,93,94,66,27,30,40,17,31,39,75,32,22,79
102,101,86,52,40,33,75,38,34,41,93,99,81,18,3,60,17,29,76,71,57,23,47,87,92,80,21,4,50,61,10,35,27,79,68,53,14,44,97,100,37,1,64,11,30,78,69,54,19,49,90,91,84,20,2,63,15,26,73,66,58,25,48,94,96,82,36,7,62,16,28,74,67,56,22,45,98,95,83,39,5,65,12,31,72,70,55,24,46,88,89,85,32,6,59,9,8,77,51,42,13,43
78,79,34,21,27,16,36,64,23,43,67,80,60,1,25,49,12,39,30,53,96,18,84,74,66,59,3,35,57,46,8,50,38,29,51,94,15,81,68,69,5,17,48,13,42,28,52,98,14,83,71,72,62,2,24,44,11,37,32,55,99,19,85,70,76,61,4,26,47,9,41,31,56,97,20,86,65,77,63,6,22,45,10,40,33,54,95,7,82,75,73,58,88,91,100,89,90,102,93,92,87,101
92,102,61,45,60,23,79,69,33,77,94,100,54,30,16,38,8,10,86,64,51,25,70,88,90,56,46,20,1,40,3,37,11,80,63,47,35,73,93,101,24,19,39,6,14,81,65,48,29,75,95,89,58,36,17,43,7,12,82,67,50,28,74,87,98,55,31,22,44,4,13,84,66,49,27,72,96,99,57,59,21,41,5,15,85,68,52,26,71,97,91,62,32,18,42,2,9,83,78,53,34,76
96,101,86,57,45,14,31,53,3,78,93,100,82,67,21,39,62,15,24,34,47,6,73,87,91,80,55,22,70,46,60,79,9,29,32,48,1,71,98,99,69,20,44,63,16,28,38,54,8,77,94,88,83,68,17,40,58,12,26,36,49,5,76,92,97,84,65,19,41,64,11,25,35,50,4,75,90,102,81,66,18,42,61,13,27,37,51,7,72,89,95,85,56,23,43,59,10,30,33,52,2,74
101,102,62,37,63,61,79,71,38,46,98,97,28,14,3,83,47,35,70,40,74,23,56,88,92,26,11,6,2,82,49,1,30,66,39,73,17,54,100,99,15,5,86,53,36,64,45,78,20,60,91,93,29,13,9,85,52,34,65,41,76,21,55,89,95,25,12,8,80,51,33,69,43,72,22,58,87,90,24,16,4,84,48,31,68,42,77,19,57,94,96,27,10,7,81,50,32,67,44,75,18,59
96,95,67,65,59,63,51,74,61,70,86,92,10,13,3,46,33,27,55,40,77,8,100,83,85,17,22,18,36,45,29,1,24,50,38,73,20,98,82,81,35,5,48,31,28,57,39,76,16,102,89,90,11,15,2,44,32,25,53,42,72,6,101,87,93,9,14,4,49,34,23,54,41,78,7,97,84,91,21,43,12,47,30,26,56,37,79,19,99,88,94,68,64,80,58,66,62,52,71,75,60,69
101,102,86,29,58,25,77,48,24,30,96,89,80,28,4,60,21,37,68,76,53,11,42,91,88,85,39,3,50,61,20,14,33,66,71,52,7,41,97,90,23,2,62,19,35,67,72,54,8,44,98,100,82,26,5,64,16,34,69,75,56,10,43,87,99,81,31,6,59,17,38,70,73,55,9,46,94,92,83,13,1,63,18,36,65,74,51,12,45,93,95,84,32,15,57,27,49,79,78,47,22,40
101,102,81,2,13,64,24,79,11,1,94,100,53,46,38,33,18,60,84,73,67,28,8,87,91,57,12,49,86,34,14,42,58,80,72,65,30,5,96,99,71,37,35,19,59,78,75,69,25,9,90,98,54,44,40,31,16,61,85,76,70,27,6,95,89,52,45,39,36,15,63,83,74,66,29,10,97,93,56,47,51,32,17,62,82,77,68,26,7,88,92,55,48,21,20,22,4,43,41,50,23,3
87,88,59,13,72,32,56,71,31,40,79,85,100,16,3,51,46,8,64,29,91,23,38,74,89,97,39,2,47,49,42,96,7,60,26,92,19,33,77,83,17,1,52,43,12,63,27,94,24,37,82,75,101,15,5,50,45,10,62,25,93,21,35,80,84,99,14,4,48,41,9,61,30,90,22,34,81,86,68,18,6,53,44,11,65,28,95,20,36,78,76,69,58,57,102,66,67,73,55,70,54,98
49,52,13,17,18,2,46,28,1,3,42,50,68,99,77,90,62,83,32,73,21,57,7,33,38,58,93,96,16,87,60,79,82,29,70,22,15,4,47,48,102,95,86,65,81,45,74,27,12,9,40,37,67,101,75,89,64,80,34,72,24,56,8,39,51,66,100,76,91,61,84,31,71,25,55,6,41,44,11,53,92,88,63,85,36,69,23,10,5,43,35,98,14,54,97,94,78,30,20,26,59,19
102,93,86,72,76,73,85,75,74,84,90,99,69,22,4,57,33,12,49,64,39,28,79,88,87,67,20,3,36,54,29,44,9,48,59,38,27,77,89,101,19,6,56,31,11,50,60,43,26,78,94,97,70,15,8,52,32,10,45,61,40,35,81,92,98,68,16,7,58,34,13,51,62,42,24,82,96,95,66,21,5,55,30,14,47,63,41,25,83,91,100,71,17,2,46,18,1,53,65,37,23,80
94,98,75,55,64,8,86,48,34,26,100,91,72,41,31,57,10,6,80,69,46,40,24,87,90,76,56,17,36,62,11,16,2,84,65,45,35,20,89,97,43,30,59,14,3,81,68,49,38,27,88,102,73,42,28,58,12,1,82,66,50,37,21,99,95,78,54,18,60,13,7,83,71,47,32,25,93,92,77,44,29,61,15,5,79,67,51,39,22,101,96,74,53,19,63,9,4,85,70,52,33,23
101,102,49,27,30,28,15,57,1,32,93,96,69,17,9,42,34,77,22,84,53,5,62,87,89,70,16,12,14,44,36,31,73,23,81,51,7,60,100,99,29,13,47,39,78,24,85,56,2,65,94,90,68,18,11,46,35,76,21,80,52,4,61,97,95,67,19,10,45,38,75,20,82,55,6,64,92,98,66,26,8,43,37,74,25,83,54,3,63,88,91,58,40,79,48,41,33,72,86,50,71,59
101,102,61,36,40,2,19,28,16,59,88,96,63,50,4,75,47,71,34,83,25,12,56,87,89,62,38,7,17,74,44,37,67,30,81,22,13,54,99,100,41,3,79,48,72,29,86,27,9,58,98,92,64,51,6,78,43,70,33,85,21,11,55,95,90,65,49,5,77,45,68,32,82,24,10,57,93,97,66,39,8,76,46,69,31,84,26,15,53,91,94,60,73,18,35,42,1,20,80,23,14,52
101,100,86,54,29,9,44,62,38,11,92,98,79,70,1,34,20,66,74,52,58,14,27,87,88,83,42,5,8,32,15,7,65,73,47,55,22,23,94,97,45,4,35,19,64,78,51,60,21,28,93,91,80,71,3,31,17,69,75,49,59,12,25,89,95,82,72,2,30,18,67,76,48,57,13,24,102,90,81,43,6,33,16,68,77,50,56,10,26,96,99,85,53,41,46,36,39,84,40,61,63,37
97,98,66,37,42,7,94,74,36,35,89,95,65,6,25,32,21,12,82,53,72,41,55,81,85,62,3,17,38,31,18,16,15,75,50,69,46,54,93,91,2,28,34,23,10,76,51,70,44,59,83,92,60,4,24,30,20,11,77,52,73,39,57,88,96,64,5,26,33,19,13,79,48,71,40,56,87,84,61,1,27,29,22,14,80,49,67,45,58,86,90,63,99,9,100,47,101,78,8,68,43,102
100,101,54,73,18,8,69,85,35,42,95,94,49,74,12,22,28,5,67,44,80,34,37,88,102,50,70,9,1,16,23,15,3,63,45,79,30,36,87,99,75,10,21,24,2,64,43,82,33,39,89,98,52,76,13,17,25,7,68,48,83,29,38,96,90,53,71,11,19,26,6,65,46,78,31,40,92,91,51,72,14,20,27,4,66,47,81,32,41,93,97,77,62,59,55,57,56,86,58,84,60,61
99,101,68,46,40,22,53,36,15,75,88,98,64,47,6,37,23,21,56,60,32,12,74,89,87,63,44,2,8,38,24,1,18,50,58,30,10,69,92,97,29,3,39,28,17,54,59,34,14,73,93,102,67,48,4,43,25,19,51,61,33,9,70,94,90,66,49,7,42,26,20,52,62,35,11,71,100,95,65,45,5,41,27,16,55,57,31,13,72,91,96,86,83,84,77,78,76,82,85,80,81,79
102,101,84,23,58,1,71,49,25,26,100,95,77,19,8,63,16,55,68,81,44,33,39,87,90,73,20,3,22,60,12,6,51,72,78,42,27,37,92,89,10,2,62,13,52,69,83,43,30,38,91,94,75,9,5,61,17,56,67,82,46,32,40,93,97,74,18,7,64,14,53,66,79,47,34,36,88,99,76,28,4,59,15,54,70,80,45,29,41,98,96,85,35,11,57,24,31,65,86,48,21,50
102,101,69,45,53,62,80,46,55,38,89,96,75,7,16,61,42,34,20,64,5,12,49,88,90,74,30,27,31,56,43,54,32,17,63,1,9,47,95,100,15,26,58,44,36,23,65,2,13,51,92,94,73,8,22,60,40,37,24,67,6,14,52,87,99,71,29,21,59,41,33,19,66,4,11,48,93,98,72,25,28,57,39,35,18,68,3,10,50,91,97,70,77,79,86,85,81,82,84,78,76,83
93,100,86,68,33,32,83,44,40,49,92,97,63,60,2,8,15,39,79,27,45,21,51,87,91,62,56,1,12,13,14,41,34,73,28,47,20,50,101,99,61,5,10,17,37,78,30,46,23,54,102,96,65,59,6,11,19,35,72,31,42,22,52,89,95,66,58,4,7,18,36,74,29,43,24,55,90,98,64,57,3,9,16,38,80,26,48,25,53,88,94,67,81,71,84,85,76,75,82,70,69,77
99,100,25,26,38,51,70,36,1,32,89,101,49,20,73,58,10,77,42,84,65,17,34,87,88,46,52,71,54,55,8,6,75,41,82,61,7,28,94,96,37,69,60,12,76,40,86,62,15,30,95,98,50,22,74,59,11,79,45,83,66,16,31,93,102,47,21,72,57,13,80,44,85,64,18,33,90,97,48,23,68,56,9,78,43,81,63,19,29,92,91,2,39,24,27,4,14,53,67,5,3,35
101,96,85,26,56,14,74,48,33,41,93,100,81,24,3,53,18,12,79,68,42,30,38,88,91,80,25,5,49,57,15,6,8,73,64,43,32,35,89,90,27,7,54,20,9,75,69,47,34,36,95,98,84,22,2,52,17,10,76,65,46,28,37,92,97,82,23,1,55,16,11,77,66,44,29,40,102,99,83,21,4,51,19,13,78,67,45,31,39,87,94,86,71,62,63,58,50,72,70,60,59,61
93,100,78,75,74,77,76,73,72,86,91,99,62,21,41,10,17,42,58,69,30,38,85,87,88,61,3,33,60,9,14,25,43,53,67,28,36,81,92,89,52,50,11,18,46,56,68,29,40,82,96,102,65,6,49,12,16,44,54,66,31,37,84,101,95,64,19,51,7,15,47,55,70,32,34,83,94,97,63,1,48,8,13,45,57,71,27,35,79,90,98,59,23,22,4,2,5,39,20,24,26,80
101,102,83,29,68,28,51,60,27,49,92,96,81,24,3,63,31,13,47,76,37,15,58,87,97,79,21,7,1,62,30,8,10,42,73,36,18,54,99,100,25,4,66,32,14,48,77,41,16,59,89,94,80,22,5,65,34,11,46,72,39,17,55,90,93,78,26,2,64,35,12,45,75,40,19,56,91,98,82,23,6,67,33,9,43,74,38,20,57,88,95,85,70,61,84,52,44,69,86,53,50,71
101,102,85,16,68,7,49,48,26,35,100,98,80,18,5,64,29,12,56,53,41,25,46,87,88,84,14,4,21,62,30,74,8,57,50,38,27,42,91,97,15,2,65,32,10,58,51,39,28,44,92,94,83,17,6,63,31,13,60,55,37,23,47,90,95,81,20,3,66,33,11,61,54,36,24,43,89,96,82,19,1,67,34,9,59,52,40,22,45,99,93,86,71,75,77,72,70,76,79,73,69,78
101,102,80,17,71,40,47,10,26,68,93,98,83,15,19,74,52,42,37,59,12,31,67,87,90,82,18,32,70,72,49,79,41,34,56,1,27,63,91,89,14,21,77,51,46,36,57,5,29,62,88,99,84,16,20,76,53,43,39,60,11,30,66,95,97,85,22,23,75,54,44,35,55,13,28,64,94,96,81,24,25,73,50,45,38,58,3,33,65,92,100,86,6,4,69,61,48,2,9,7,8,78
99,101,69,71,70,65,68,67,66,80,87,96,18,34,6,46,22,8,51,41,60,102,74,81,85,16,31,3,79,49,23,37,9,54,38,59,95,73,88,92,30,7,48,28,12,57,40,63,100,72,83,90,17,35,5,45,25,11,52,43,61,93,75,89,98,19,33,4,50,24,10,53,39,62,94,77,86,82,15,32,2,47,27,13,56,42,64,97,76,84,91,26,20,1,36,21,14,55,44,58,29,78
101,102,86,4,46,6,10,19,3,85,88,96,61,29,43,68,24,33,51,55,14,76,84,87,91,60,26,38,44,64,20,45,32,47,58,12,73,82,92,98,31,40,69,21,35,52,53,17,70,78,94,97,62,30,42,66,25,37,50,56,15,75,79,93,100,59,27,41,65,22,36,49,54,16,74,83,90,89,63,28,39,67,23,34,48,57,18,72,80,95,99,77,5,1,71,11,8,9,7,13,2,81
101,102,70,54,55,34,33,53,32,57,95,96,71,38,12,42,67,16,28,5,49,24,63,88,89,75,36,1,25,41,64,56,14,26,4,47,19,58,87,98,35,2,46,65,15,31,8,51,22,59,93,99,74,40,10,45,66,13,27,6,50,21,61,92,90,72,39,9,44,69,18,30,7,52,20,62,100,91,73,37,11,43,68,17,29,3,48,23,60,94,97,76,84,78,85,82,86,80,83,79,77,81
98,92,76,56,39,19,68,53,30,46,89,95,72,58,6,36,24,13,62,9,51,31,42,99,87,70,55,1,54,33,20,69,14,65,8,47,27,40,88,100,61,2,38,21,17,66,12,50,28,41,90,96,74,59,4,34,22,15,63,7,48,26,44,102,97,73,60,3,37,25,16,67,11,49,29,43,91,101,71,57,5,35,23,18,64,10,52,32,45,93,94,75,83,78,86,85,80,81,84,79,77,82
101,102,86,19,64,24,84,48,21,34,88,95,81,26,1,58,31,53,74,72,39,12,47,87,90,79,27,2,57,60,29,23,49,78,67,38,16,46,100,94,18,4,61,28,52,77,69,40,14,43,99,89,82,20,5,62,33,51,66,71,37,13,44,91,97,83,15,7,63,30,50,73,68,36,11,45,92,96,80,22,6,59,32,54,75,70,35,9,42,93,98,85,17,3,56,41,8,65,76,25,10,55
99,100,10,34,66,8,50,41,9,65,102,92,86,25,18,63,71,26,47,75,37,7,54,87,88,81,22,12,11,59,73,13,21,45,74,35,3,51,93,95,33,16,62,68,20,44,78,40,6,52,90,98,82,31,15,60,69,24,48,80,39,4,58,91,89,85,28,17,61,70,27,46,77,38,1,53,94,96,84,32,14,64,67,23,49,79,36,5,55,101,97,83,30,19,57,72,29,43,76,42,2,56
101,102,86,24,57,7,58,59,29,34,91,99,69,23,9,82,30,38,65,78,44,17,53,87,89,67,14,3,41,80,28,50,35,63,75,46,12,56,94,97,19,4,85,32,36,60,76,45,15,52,93,96,72,16,6,81,27,37,66,79,47,11,54,90,100,68,21,8,83,25,40,64,74,49,18,51,88,92,71,33,5,84,31,39,61,77,48,20,55,95,98,73,13,2,70,26,1,22,42,43,10,62
102,94,75,27,25,3,51,41,40,10,95,98,86,52,24,58,6,63,71,81,36,48,19,88,87,83,42,28,1,54,4,15,62,73,78,33,43,16,92,99,60,44,55,7,67,74,76,35,47,20,91,100,85,45,32,56,8,66,70,80,38,49,18,93,89,82,53,23,57,5,65,69,77,37,50,17,96,101,84,29,26,59,9,64,68,79,34,46,21,90,97,72,39,11,22,13,2,61,14,30,31,12
100,101,72,64,32,17,83,48,56,33,92,95,76,66,47,59,13,8,85,50,23,27,34,89,94,78,70,41,16,57,9,1,2,79,49,20,30,38,90,96,69,44,61,14,3,80,52,18,28,40,93,102,74,67,46,62,11,7,86,51,22,25,36,88,98,73,65,45,60,12,5,84,55,19,29,35,87,97,75,68,42,58,15,4,81,54,21,26,39,91,99,77,71,43,63,10,6,82,53,24,31,37
98,99,55,15,43,57,67,59,14,1,93,97,52,31,48,39,19,70,62,85,76,27,6,87,88,50,56,35,36,37,16,9,69,60,81,75,22,2,95,102,30,44,42,17,74,61,86,80,25,3,89,96,53,33,45,40,21,72,64,84,77,23,5,94,90,54,34,47,38,18,73,63,82,78,24,7,101,100,51,32,46,41,20,71,66,83,79,26,4,92,91,49,12,10,68,8,29,65,13,58,11,28
100,101,86,70,62,9,69,49,39,38,95,90,81,25,20,65,31,4,55,80,52,11,43,87,89,82,16,17,1,68,35,29,3,56,76,50,15,40,93,91,10,14,64,36,6,58,75,47,22,44,88,98,83,27,21,66,32,5,59,79,53,12,42,102,99,84,26,19,67,30,8,57,77,51,13,45,94,97,85,28,18,63,33,7,60,78,48,23,41,96,92,73,74,37,61,24,2,71,72,54,46,34
102,101,81,69,22,11,56,65,18,36,93,95,85,66,5,23,38,47,54,74,63,17,32,87,92,82,77,4,20,27,37,3,45,51,70,58,12,30,99,100,67,9,28,43,49,57,75,64,19,35,98,96,84,79,6,24,40,46,55,73,60,14,33,89,90,83,76,8,25,39,48,50,71,61,16,31,88,97,86,78,7,26,41,44,52,72,59,13,34,94,91,80,68,2,21,42,10,53,1,62,15,29
101,102,77,18,51,16,65,32,15,47,95,93,70,22,2,55,25,62,72,81,34,13,42,94,87,69,21,1,7,56,29,8,60,76,80,33,14,41,99,100,17,6,58,30,64,78,85,38,11,46,89,91,71,20,4,54,27,61,75,84,37,9,45,90,98,68,23,3,57,26,63,73,83,35,12,43,88,92,67,19,5,53,28,59,74,82,36,10,44,97,96,79,39,24,52,48,40,66,86,50,31,49
101,102,78,74,76,71,77,75,73,86,89,99,64,21,2,67,32,12,50,56,42,17,82,87,100,54,22,4,37,65,29,36,10,52,58,39,18,79,93,97,25,3,69,33,13,53,59,44,15,85,95,96,63,26,5,68,30,11,48,57,43,19,83,88,94,62,23,6,70,31,9,49,60,41,20,84,92,90,55,24,1,66,34,14,51,61,40,16,80,91,98,72,28,8,47,35,7,45,46,38,27,81
92,93,8,16,6,41,43,94,9,1,87,88,2,24,21,31,46,71,62,52,99,15,34,77,78,5,42,37,56,29,54,17,72,58,48,98,11,40,83,89,20,19,32,55,76,59,51,102,10,39,86,91,3,25,22,30,45,74,63,49,100,14,36,81,80,4,26,23,27,47,75,64,53,101,13,35,85,82,7,33,18,28,44,73,61,50,97,12,38,84,90,69,57,95,67,60,68,79,96,70,65,66
102,101,81,48,41,26,33,65,25,55,90,98,82,45,10,37,69,3,30,19,64,21,54,89,87,80,47,4,27,35,66,75,1,28,15,61,16,49,94,99,46,8,39,67,5,34,12,63,20,53,88,97,83,43,14,36,70,6,31,23,62,17,52,91,95,84,44,9,38,68,13,29,24,60,18,50,93,100,85,42,7,40,71,2,32,11,59,22,51,92,96,86,76,74,57,79,58,78,73,72,56,77
